Open,High,Low,Close
39.69,41.22,38.79,40.91
41.22,41.9,40.77,40.97
40.93,41.73,40.85,41.53
42.88,43.57,42.8,43.21
43.1,43.66,42.82,43.42
42.96,43.34,42.34,42.98
42.19,42.31,41.72,41.87
41.92,41.99,40.76,40.89
41,41.08,39.62,39.9
39.09,40.39,38.96,40.11
35.01,36.16,34.74,35.18
35.82,35.84,34.24,34.33
34.44,34.66,33.21,33.74
34.22,34.4,33.98,34.17
34.55,35.2,34.51,34.87
35.43,35.48,34.38,34.49
34.94,35.25,34.49,35.17
35.26,35.27,34.66,35.09
35.06,35.23,34.88,35.05
35.2,35.2,34.31,34.38
34.45,35,34.35,35
35.01,35.1,34.1,34.25
34,34.05,33.26,33.54
33.9,33.95,32.78,32.92
33.01,33.1,32.32,33.02
33.24,33.4,32.51,33
33.01,33.36,32.4,32.5
32.58,32.6,32.1,32.51
32.21,32.44,31.7,32.04
32.14,32.83,32.05,32.72
32.62,33.33,32.55,33.02
33.3,33.4,32.6,32.75
32.88,33.14,32.71,32.76
32.9,33.07,32.38,32.39
32.49,33.34,32.4,33.16
33.01,33.66,32.88,33.15
33.2,33.34,32.92,33.01
33.11,33.21,32.57,32.74
32.63,32.98,31.34,32.06
32.21,32.42,31.72,32.18
32.01,32.11,31.58,31.7
31.7,32.07,31.38,31.45
31.53,31.94,31.45,31.57
31.42,32.2,31.31,31.43
31.31,31.55,30.82,30.99
31.05,31.32,30.25,30.28
30.4,31.1,29.75,30.58
30.72,30.97,30.12,30.15
30.1,31,30.1,30.99
31.25,31.28,30.47,30.53
30.77,30.88,30.1,30.13
30.34,30.36,29.83,30.07
30.38,30.93,30.2,30.44
30.42,30.78,30.02,30.11
30.33,30.91,30.31,30.75
31.52,31.95,31.48,31.83
32.28,32.31,31.53,31.77
31.84,32.08,31.3,31.45
31.45,32.5,31.41,32.39
32.44,32.91,32.14,32.56
32.75,32.83,32.09,32.42
32.45,32.63,32.01,32.26
32.41,32.53,31.79,31.89
31.69,32.25,31.66,32.1
32.3,32.5,31.96,32.11
32.12,33.14,32.11,32.79
32.85,32.97,32.21,32.27
32.28,32.63,32.12,32.55
32.45,32.6,31.15,31.39
31.44,31.5,30.89,31.1
31.14,31.4,30.85,31.13
31.16,31.79,30.66,30.97
31.17,31.38,30.53,31.3
33.47,33.98,32.76,33.54
33.48,33.7,32.93,33.37
33.36,34.09,32.7,32.89
33.01,33.45,32.9,33.01
32.99,33.06,31.88,31.99
32.3,33.09,32.1,33
32.79,33.5,32.4,33.2
32.88,33.45,32.78,32.78
32.99,33.1,31.86,32.08
32.2,32.91,31.72,31.85
32.4,33,31.75,32.17
32.4,32.56,32.08,32.19
32.63,32.75,32.22,32.66
33.09,33.43,32.63,32.87
32.68,34,32.35,32.49
32.48,32.56,32,32.09
31.96,32.17,30.87,30.99
30.71,31.18,30.38,30.81
30.85,31.25,30.6,31.03
31.1,31.22,30.63,30.97
30.61,31.26,30.04,30.11
30.1,30.36,28.93,29
29.05,29.75,28.6,29.53
30.42,30.98,29.89,30.46
31.04,31.63,30.76,30.76
30.95,32.02,30.71,31.79
32.94,33.5,32.5,32.92
32.86,33.02,32.35,33.02
32.73,32.89,31.79,32
32.19,32.32,31.11,31.59
31.83,32,31.49,31.99
31.77,32.19,31.3,31.52
31.19,31.43,30.79,30.82
30.83,30.97,30.35,30.7
30.8,31.25,30.36,30.54
30.43,30.99,29.83,30.45
30.7,30.8,30.23,30.37
30.36,30.65,29.66,29.78
29.77,30.2,29.51,29.65
29.81,30,29.25,29.62
29.98,30.96,29.72,30.79
30.7,30.86,30.15,30.36
30.51,30.75,30.06,30.35
30.42,30.65,30.1,30.6
30.77,31.54,30.65,31.06
30.85,31.16,30.44,30.68
31.08,31.76,30.82,31.37
31.45,31.7,31.16,31.55
31.85,32.22,31.32,31.51
31.75,32.17,31.7,31.92
32.26,33,32.2,32.97
33.01,33.12,32.54,33
32.9,33.44,32.9,33.3
32.85,32.99,32.33,32.47
32.77,33.22,32.7,33.11
32.94,33.05,32.37,32.5
32.91,33.14,32.73,32.85
32.79,33.35,32.32,33.17
33.03,33.74,32.99,33.38
32.85,33.16,32.07,32.23
32.34,32.48,31.85,32.08
31.98,32.4,31.69,31.84
32.08,32.26,31.25,32.24
26.41,26.7,25.04,25.2
25.55,26.21,24.91,25.27
24.99,26.06,24.91,25.89
26.24,27.23,25.89,26.94
26.75,27.19,26.57,26.95
26.78,27.51,26.57,27.08
27.35,27.5,26.64,26.7
26.9,27.5,26.33,27.47
27.46,27.55,26.99,27.14
27.06,27.12,26.74,26.94
27.01,27.1,26.45,26.63
26.5,27.05,26.4,26.9
27.2,27.58,26.83,26.99
26.92,27.11,26.58,27.08
26.95,27.7,26.63,27.44
27.75,27.85,27,27.22
26.95,27.8,26.85,27.49
27.53,27.72,27.4,27.5
27.71,27.8,27,27.26
27.58,28.2,27.48,28.17
28.35,28.46,27.97,28.39
28.38,29.32,28.34,28.91
28.9,29.97,28.77,29.78
29.22,29.52,28.83,28.9
28.84,29.65,28.8,29.26
29.34,29.47,28.68,28.7
28.75,29.13,28.7,28.99
28.95,29.28,28.74,28.77
28.75,29.25,28.7,28.91
28.86,29.01,28.51,28.96
29,29.14,28.71,29.02
28.98,29.02,28.59,28.83
28.91,29.53,28.91,29.49
29.45,29.48,28.95,29.07
28.94,29.01,28.49,28.5
28.4,28.51,27.82,27.86
28.04,28.32,27.97,28.14
28.05,28.73,27.67,28.61
28.55,29.22,28.46,29.09
29.06,29.37,28.8,29.17
29.1,29.24,28.89,29.03
29.3,29.57,29.22,29.32
29.37,29.39,28.58,29
29.09,29.13,25.1,25.75
26.04,26.09,25.38,25.64
25.53,25.95,25.21,25.34
25.34,25.69,25.18,25.52
25.64,25.87,25.2,25.29
25.44,25.48,24.81,25.05
25,25.01,24.6,24.65
24.87,25.5,24.84,25.33
25.5,25.59,25.24,25.28
25.45,25.46,24.75,24.88
24.8,25,24.7,24.84
24.89,25.26,24.74,25.21
25.16,25.25,24.88,25.18
25.09,25.5,25.01,25.47
25.45,25.72,25,25.03
24.94,25.03,24.32,24.47
24.29,24.64,23.8,24.24
24.32,24.38,24.1,24.12
23.9,24.5,23.57,24.42
24.34,24.52,23.75,24.18
23.74,24.35,23.68,24.15
24.57,24.75,22.88,22.99
23.02,23.59,23,23.14
23.22,23.27,22.65,23.21
23.14,23.5,23.1,23.37
23.34,23.64,23.15,23.53
23.73,24.64,23.69,24.49
24.7,25.33,24.36,25.28
25.23,25.6,24.9,25.34
25.87,26.4,25.66,25.95
26.44,26.7,26.1,26.34
26.5,26.62,25.82,25.99
25.94,26.6,25.77,26.53
26.62,26.7,26.04,26.18
26.34,26.7,26.1,26.59
26.68,27.15,26.58,26.61
26.36,27.25,26.31,26.9
27.18,27.65,26.96,27.45
27.4,27.5,27.03,27.39
27.17,27.62,27.15,27.4
27.4,27.5,27.11,27.24
27.18,27.5,27.03,27.15
27.31,27.33,26.2,26.64
26.68,27.05,26.63,26.91
26.96,27.04,26.63,26.72
26.5,27.34,26.5,27.14
27.51,28.56,27.29,28.49
28.22,28.49,27.7,28.03
27.5,28.5,27.17,27.27
27.02,27.24,26.85,27
27.4,27.4,26.71,27.04
27,27.15,26.73,27.01
27,27.25,26,26.49
26.49,27.3,26.49,26.89
26.86,27.61,26.86,27.43
27.25,27.45,26.6,26.86
26.95,27.16,26.6,26.63
26.65,26.78,26.27,26.34
26.37,26.7,26.12,26.49
26.63,27.38,26.6,26.75
27.04,27.23,26.51,26.6
26.63,26.97,26.5,26.87
27,27.22,26.76,26.9
26.89,26.97,26.07,26.3
26.05,26.5,25.91,26.41
26.24,26.31,25.54,25.59
25.71,25.75,25.13,25.48
25.67,25.88,25.45,25.55
25.49,25.61,25.34,25.45
25.47,25.88,25.45,25.75
25.62,25.72,25.3,25.36
25.42,25.82,25.33,25.54
25.85,26.26,25.26,25.61
25.64,26.92,25.52,26.85
26.7,27.87,26.66,27.74
27.7,28.04,27.43,27.92
28,28.05,27.41,27.58
27.48,28.92,27.44,28.7
28.76,29.37,28.7,29.2
28.98,29.5,28.49,29.45
29.88,29.88,28.79,29.29
29.4,29.4,28.81,29.05
28.92,28.99,27.82,28.12
27.93,28.34,27.55,27.64
27.85,27.9,27.18,27.42
27.42,27.54,26.88,26.96
28.34,29.2,28.22,28.94
28.68,29.05,28.13,28.21
28.32,28.52,27.96,28.04
28.05,28.21,27.73,27.87
27.87,28.39,27.61,28.04
28.04,28.48,27.82,28.31
28.68,28.71,28.15,28.35
28.57,28.92,28.45,28.77
28.67,28.8,28.36,28.56
28.61,29.56,28.6,29.35
29.35,30.15,29.12,29.89
29.75,30.24,29.73,30.08
30.07,30.16,29.51,29.74
29.29,29.77,29.05,29.17
29.37,29.68,29.26,29.56
29.69,30.86,29.64,30.66
30.82,31.65,30.69,31.25
31,32,31,31.91
31.8,32.21,31.39,32.01
31.74,31.77,31.22,31.65
31.6,32.08,31.32,31.6
31.6,32.18,31.41,32.1
32.8,32.84,30.85,32.12
31.38,31.64,30.24,30.95
30.86,31.47,30.09,30.86
30.13,31.23,30,30.86
30.54,30.89,30.28,30.42
30.18,31.9,30.14,30.31
30.89,31.06,30.52,30.8
30.95,31.03,30.33,30.39
30.82,31.04,30.58,30.71
29.85,30.15,28.79,29.12
29.3,30.11,29.28,29.99
29.77,30.24,29.42,29.56
29.63,30.04,29.26,29.86
29.81,30.07,29.78,30.06
30.02,30.11,29.72,29.88
30,30.19,29.92,30.03
30,30.35,29.94,30.33
30.33,31.39,30.21,31.29
31.36,31.44,30.85,31.26
31.33,31.7,31.16,31.36
31.25,31.74,31.24,31.66
31.56,31.66,31.24,31.55
31.45,31.7,31.25,31.41
31.71,31.73,30.83,31.34
31.21,31.6,31.02,31.29
31.22,31.4,30.93,31.28
31.41,32,31.41,31.72
31.61,31.87,31.48,31.62
32,32.09,31.72,31.96
32.01,32.24,31.6,31.64
31.64,32.02,31.6,31.69
31.65,31.73,30.9,31.17
31.26,31.42,31.1,31.21
31.15,31.5,30.96,31.41
31.68,31.79,31.24,31.61
31.98,32.14,31.71,32.09
28.42,28.9,27.89,28.31
28.1,28.23,27.46,27.51
27.86,27.86,27.37,27.46
27.53,28.14,27.37,27.88
28.03,28.26,27.69,28.02
28.22,28.27,27.68,28.06
27.98,28.65,27.73,28.49
28.35,28.86,28.17,28.34
28.32,28.5,28,28.04
28.25,28.35,27.53,27.73
27.72,28.26,27.72,28.12
28.25,28.5,28.01,28.18
33.27,33.61,29.58,30.98
30.13,30.98,29.86,30.38
30.24,31.1,30.21,30.41
30.16,30.44,29.95,30.22
30.52,30.69,29.61,29.7
29.62,30.08,29.53,30.05
29.79,30,29.08,29.31
29.16,29.42,28.75,28.81
28.89,29.37,28.25,29.21
28.99,29.13,28.49,28.57
28.9,29.8,28.78,29.75
29.62,29.86,29.32,29.35
29.33,29.35,28.78,28.92
29.1,29.37,28.53,28.61
28.65,28.88,28.25,28.41
28.44,28.73,28.34,28.58
28.36,28.73,28.2,28.4
28.19,28.38,28,28.38
28.76,28.85,28.49,28.7
28.9,29.13,28.61,28.78
28.6,28.78,28.4,28.59
28.4,28.59,28.1,28.23
28.05,28.11,27.3,27.44
27.34,27.73,26.98,26.98
27.02,27.45,26.96,27.39
27.27,27.52,27.15,27.35
27.3,27.66,26.98,27.05
27.12,27.41,26.61,27.38
27.38,27.64,27.15,27.3
27.49,27.52,27.19,27.31
27.72,28.34,27.5,28.12
29.4,29.4,27.54,27.63
27.89,28.17,27.66,27.66
27.69,27.94,27.55,27.67
27.68,27.79,27.31,27.38
27.6,27.77,27.34,27.64
27.73,28.18,27.36,27.71
27.51,27.66,27.4,27.58
27.44,27.49,27.12,27.25
27.21,27.38,26.93,27.13
27.19,27.27,26.76,26.86
26.95,27.25,26.9,27
26.92,27.14,26.9,26.99
27.01,27.14,26.93,27.1
26.92,27.33,26.82,27.2
27.09,27.57,26.96,26.97
27.03,27.05,26.55,26.69
26.7,26.97,26.34,26.96
26.87,26.97,26.5,26.58
26.48,26.74,26.13,26.7
26.74,27.8,26.7,27.53
26.07,26.72,26.02,26.2
26.32,26.34,25.92,26.03
25.7,25.89,25.2,25.35
25.43,25.46,24.98,24.99
24.8,25.34,24.73,24.84
25.01,25.32,24.59,24.68
24.4,24.49,23.62,24.03
23.98,24.49,23.47,23.49
23.55,23.88,23.38,23.62
23.88,23.93,23.24,23.25
23.17,23.4,22.85,23.25
22.65,23.7,22.65,23.36
23.2,23.39,22.87,22.92
23.03,23.15,22.44,22.97
22.75,23.7,22.69,23.44
23.46,23.87,23.43,23.87
23.67,24.45,23.51,23.8
23.93,24.22,23.52,23.94
24.21,24.74,24.01,24.57
24.69,24.7,23.69,23.72
23.56,24,23.25,23.32
23,23.15,22.5,22.76
23.26,23.63,22.76,23.54
23.64,23.74,23.18,23.34
23.25,23.48,22.91,23.04
23.22,23.52,23.18,23.23
23.35,23.36,22.95,23.13
23.03,23.73,23.03,23.59
23.59,23.76,23.01,23.03
22.95,23.1,22.5,22.52
22.6,22.69,22.27,22.55
22.49,22.91,22.38,22.61
22.81,22.83,22.51,22.73
23.3,24.5,23.2,23.97
24.1,24.4,23.91,24.1
24.22,24.32,23.62,24.15
23.76,24.05,23.6,23.76
23.85,23.85,23.1,23.3
23.31,23.84,23.31,23.71
23.64,23.94,23.53,23.56
23.6,23.96,23.6,23.72
23.69,25,23.65,24.73
24.5,25.1,24.38,24.95
25.06,25.21,24.53,25.06
25.09,25.37,24.81,25.29
25.28,25.61,25.16,25.29
25.54,26.21,25.29,26.05
26.13,26.4,25.51,25.73
25.7,26.65,25.63,26.51
26.7,27.07,26.5,26.7
26.95,26.95,26.17,26.27
26.49,26.89,26.2,26.84
26.76,27.1,26.73,27.04
27.2,27.24,26.62,26.95
27.16,27.38,26.82,27.17
27.19,27.29,26.9,27.15
27.78,28.16,27.75,27.88
28.01,28.17,27.75,28.05
28.35,28.76,27.94,28.37
28.43,28.7,27.9,28.36
28.44,28.68,27.5,27.65
27.76,28.51,27.65,28.48
28.32,28.4,27.46,27.86
27.37,27.48,26.55,26.69
29.1,29.2,28,28.82
28.59,29.6,28.47,29.35
29.36,29.96,28.85,29.03
28.93,30,28.8,29.85
30.12,30.88,30.03,30.64
30.68,30.98,30,30.68
30.75,31.62,30.5,31.34
32.43,33.99,31.61,33.63
34.07,34.08,31.18,31.79
31.55,31.64,30.12,30.83
31.5,31.75,30.5,31.1
30.86,31.1,30.04,30.22
30.54,31.21,29.64,31.11
30.71,32.37,30.35,31.36
31.76,31.79,29,29.93
29.27,29.3,27.56,27.63
28.11,28.24,25.82,26.7
26.13,26.38,25.4,25.79
25.8,26.2,24.69,24.78
25.53,26.24,25.3,26.1
26.42,26.44,25,25.07
24.94,25.75,24.9,25.42
25.66,27.13,25.1,26.82
27.11,27.35,26.35,26.76
26.93,27.25,25.98,26.72
26.11,26.58,25.52,25.71
25.98,26.4,25.76,26.13
26.08,26.25,25.2,25.22
25.18,26,25.17,25.59
26.03,26.7,25.93,26.2
26.01,26.71,25.91,26.63
26.96,27.33,26.51,26.81
26.64,27.2,26.56,26.61
26.14,26.73,26.11,26.42
26.63,26.73,25.73,25.98
25.88,26.02,25.39,25.96
25.86,26.11,25.5,25.63
25.51,25.57,24.92,25.2
25.15,25.65,24.36,24.47
24.82,25,24.11,24.54
24.39,24.75,24.19,24.38
24.13,24.47,24,24.06
23.8,24.03,22.94,23.04
23.22,23.35,22.8,23.02
22.92,23.69,22.92,23.31
23.5,23.8,23.24,23.64
23.88,24.1,23.74,24.01
24.01,24.19,23.94,24.05
23.85,24.25,23.85,23.96
23.6,24.15,23.57,23.71
23.66,23.71,23.21,23.45
23.22,23.43,23.11,23.26
23.8,24.15,23.6,23.72
23.86,24.19,23.7,23.84
23.81,23.81,23.1,23.16
23.12,23.56,22.73,23.18
23.28,23.65,22.5,22.61
22.47,22.8,21.37,22.56
23.19,24.57,22.83,24.09
23.81,24.13,22.98,23.36
23.51,23.76,23.18,23.7
23,23.48,22.57,22.91
22.2,22.75,21.73,21.95
22,22.17,21.14,21.22
21.27,21.61,20.07,20.78
19.29,21.03,19.26,19.92
19.25,20.34,18.72,20.01
20.44,21.75,20.42,21.69
22.24,22.37,21.32,21.94
21.56,21.9,20.42,20.78
20.87,20.9,20.05,20.81
18.62,20.81,18.58,19.05
18.87,19.35,18.72,19.18
28.68,29.83,27.34,28.38
28.33,29.5,28.33,29.33
28.78,29.57,28.75,28.98
29.11,29.33,28.53,28.57
28.63,29.19,28.6,29.04
28.98,29.22,28.71,29.2
29.89,30.05,29.32,29.87
29.81,29.84,29.4,29.57
29.78,30.07,29.6,29.88
29.98,30.25,29.75,29.98
29.94,30.15,29.43,29.66
29.34,29.42,28.75,29.01
28.71,29.04,28.39,28.83
28.76,29.17,28.25,28.42
28.36,28.64,27.98,28.42
28.42,28.57,27.75,28.13
27.93,28.55,27.81,28.22
28.33,28.49,27.75,28.37
27.98,28.82,27.96,28.15
27.94,28.41,27.5,27.78
27.73,28.08,27.66,27.77
27.8,28.07,27.43,28.06
28,28.78,28,28.67
28.64,28.98,28.44,28.7
28.58,29.18,28.5,29.03
28.87,28.98,28.51,28.51
28.91,29.16,28.43,29
28.89,29.02,28.39,28.45
28.07,28.27,27.38,27.5
27.85,27.96,26.5,26.71
26.5,26.64,25.72,25.85
26.94,27.72,26.25,27.66
27.56,27.79,26.91,27.07
27.36,27.91,26.98,27.66
27.56,28.07,27.45,27.52
28.14,28.75,27.7,28.73
28.63,28.78,28.19,28.49
28.49,28.5,27.9,28.09
28.32,29.09,28.15,28.99
28.56,29.12,28.27,28.93
28.07,28.62,28.02,28.5
28.57,28.6,27.49,27.82
27.65,28.22,27.58,28.13
28,28.45,27.59,28.36
27.8,28.15,27.57,27.7
27.72,27.82,27.49,27.7
27.8,27.95,27.13,27.77
28.39,28.69,28.28,28.59
28.41,28.61,28.09,28.34
28.18,28.34,27.79,27.8
28.05,28.25,27.77,28.17
28.11,28.4,28.11,28.31
28.4,28.4,27.96,28.03
28.44,28.67,28.17,28.43
28.52,28.68,28.22,28.55
28.73,28.88,28.44,28.54
28.24,28.35,27.71,28.08
28.01,28.08,27.24,27.3
26.85,26.93,26.08,26.8
27,27.09,26.25,26.43
26.35,27.48,25.81,27.36
27.17,27.78,26.76,27.41
27.69,28.34,26.5,26.81
27.65,29.73,27.21,28.67
23.05,24.93,22.97,24.37
25.54,26.25,24.2,25.72
25.57,25.71,25.03,25.64
25.66,26.44,25.51,26.22
26.01,26.19,25.75,25.93
25.8,25.88,25.02,25.26
25.15,26.84,24.39,26.56
26.95,27.36,26.2,27.14
27.54,27.98,26.85,27.75
27.73,27.95,27.41,27.66
27.9,28.33,27.42,27.68
27.68,28.2,27.32,27.48
27.34,27.95,26.8,27.33
27.3,27.61,26.95,27.53
27.48,27.74,27.26,27.72
27.5,27.63,26.98,27
27.42,27.48,26.95,27.16
27.34,27.36,27,27.07
27.07,27.1,26.63,26.76
26.8,26.81,26.03,26.4
26.36,26.6,25.78,26.15
26.25,27.05,26.16,26.85
26.46,26.64,25.97,26.36
26.5,27.08,26.03,26.44
26.5,26.86,26.1,26.58
26.32,26.58,26.25,26.4
26.42,26.46,26,26.15
26.33,26.33,22.5,23.52
22.82,23.48,21.75,23.47
22.95,23.58,22.71,23.54
23.58,23.58,22.9,23.25
23.22,23.22,22.63,22.91
22.78,22.87,22.37,22.73
22.49,22.53,21.9,21.99
22.07,22.12,21.3,21.45
21.17,23.71,20.6,22.04
22,22.24,21.86,22.01
21.59,21.89,21.28,21.37
21.29,21.46,20.7,21.33
21.08,21.2,20.6,20.66
20.48,20.49,19.59,20.2
21.89,21.9,20.67,20.88
21.35,21.75,21.03,21.35
23.4,24.25,22.92,23.91
23.83,24.66,23.81,24.64
24.74,24.8,23.82,23.82
23.76,24.1,23.04,23.5
23,23.89,22.64,23.57
23.12,23.24,22.22,22.57
21.79,22.08,21.18,21.54
21.7,22.6,21.59,22.48
23.49,23.49,22.41,22.44
22.55,22.55,21.86,22.45
21.66,22.19,21.65,21.67
21.39,21.7,20.85,21.4
21.91,22.48,20,20.39
20.61,21.06,20.05,20.53
20.55,21.19,20.28,21.13
20.99,21.17,20.06,20.12
20.01,20.34,19.68,20.15
20.18,20.18,19.96,20.03
19.89,20.15,19.85,19.89
20.09,20.12,19.53,19.8
19.77,19.77,19.21,19.38
19.7,19.91,19.53,19.82
19.77,20.18,19.53,20
19.8,20.25,19.64,20.19
20.19,20.19,19.87,19.9
19.89,20.28,19.65,20.26
20.21,20.6,20.04,20.43
20.33,20.48,20.06,20.36
20.2,20.57,20.14,20.28
20.27,20.82,20.27,20.44
20.47,20.52,19.66,19.73
19.78,19.91,19.41,19.42
19.57,19.65,19.1,19.17
19.06,19.18,18.86,19.11
19.11,19.68,19.1,19.53
19.34,19.4,19.05,19.09
19.12,19.2,19,19.09
19.08,19.45,18.93,19.37
19.48,19.76,19.38,19.65
19.54,19.6,19.28,19.38
19.63,19.77,18.74,18.75
18.85,19,18.7,18.76
18.71,18.81,17.75,17.75
17.92,18.34,17.8,18.08
18.33,18.37,17.87,18.26
18.14,18.19,17.53,17.58
17.63,17.79,17.25,17.7
17.4,18.57,17.33,18.55
18.43,19.17,18.34,19.08
18.27,19.14,18.25,18.85
18.25,19.35,18.24,19.26
18.97,19.08,18.2,18.82
18.79,20.82,18.49,20.82
20.58,20.79,19.27,19.89
19.6,19.6,18.64,18.68
18.71,19.13,18.67,18.93
18.9,19.19,18.82,19.15
19.09,19.56,18.97,19.2
18.75,19.25,18.65,18.92
18.77,18.92,16.88,16.88
17.15,17.62,17,17.3
17.17,17.31,16.8,16.96
16.77,16.85,15.54,15.58
15.81,16.44,15.75,16
15.27,16.07,14.55,15.31
15.19,15.49,14.53,14.58
13.8,14.58,13.2,13.76
13.9,13.9,12.47,12.65
12.22,12.92,11.96,12.29
13.14,13.51,12.56,13.49
13.78,13.93,12.37,12.65
12.49,12.55,11.75,11.75
11.9,13.73,11.37,12.99
12.88,13.5,12.68,12.9
13.03,13.03,12.33,12.86
12.62,12.74,12.04,12.07
12.36,12.84,12.35,12.39
12.15,12.7,11.55,12.65
11.31,12.33,11.31,12.1
11.82,12.19,11.5,11.58
11.89,12.4,11.25,12.36
12.2,12.61,11.92,12.14
12.53,13.18,12.25,12.93
13.09,13.36,12.71,12.82
12.74,12.89,12.55,12.75
13.05,13.49,12.84,13.35
13.21,14.84,13.15,13.92
14.84,14.89,13.75,13.96
12.45,12.5,11.65,12.2
12.37,12.4,11.57,11.87
11.56,11.67,11.06,11.35
11.01,11.34,10.02,10.34
10.32,11.17,9.76,11.15
10.84,11.5,10.63,10.82
10.5,10.94,10.32,10.63
11.93,12.4,11,11.55
11.54,11.58,9.07,9.14
9.1,10.01,8.94,8.95
9.28,9.48,8.95,9.39
9.56,10.27,9.42,10.21
10.12,10.2,9.83,10.07
9.93,10.58,9.92,10.58
10.76,11.59,10.65,11.51
11.82,11.98,10.73,10.74
10.81,12.5,10.5,11.5
11.12,11.5,10.74,11.5
11.38,11.48,10.7,11.05
10.96,11.7,10.62,11.66
12.17,12.49,11.79,12.2
11.9,12.54,11.77,12.19
12.67,13.57,12.35,13.4
13.16,13.36,12.57,12.73
12.31,13.23,12.15,13.15
13.1,13.29,12.55,12.73
12.88,13.48,12.88,13.36
13,13.43,12.83,13.11
13.13,13.27,12.7,12.72
12.92,13.32,12.72,13.03
13.03,13.08,12,12.35
12.47,12.65,12.25,12.42
12.41,12.48,12.29,12.32
12.3,12.38,12.18,12.34
12.46,12.46,11.45,11.88
11.91,12,11.72,11.97
11.95,12.3,11.92,12.2
12.17,12.85,12.12,12.85
12.72,13.01,12.39,12.86
12.96,13.24,12.88,13
12.71,13.16,12.45,12.71
12.37,13.07,12.31,13.07
13.42,13.56,12.9,13.13
13.09,13.1,12.08,12.22
12.09,12.79,11.78,12.1
12.26,12.53,11.81,12.41
12.32,12.35,11.22,11.61
11.87,11.97,11.44,11.59
11.72,11.8,11.01,11.01
11.17,11.59,11.08,11.59
11.35,11.51,10.9,11.28
10.9,11.55,10.86,11.32
11.26,11.28,10.81,11.17
11.2,11.37,10.85,11.34
12.23,12.38,11.92,12.24
12.02,12.24,11.73,11.74
11.86,12.15,11.51,11.73
11.5,12.32,11.49,12.15
12.3,12.71,12.01,12.68
12.67,13.23,12.55,13
12.93,13.52,12.85,13.51
13.41,13.84,13.2,13.63
13.59,14,13.47,13.9
13.54,13.9,12.72,12.75
12.87,12.91,12.38,12.63
12.5,12.66,12.14,12.66
12.67,12.99,12.59,12.84
12.31,12.58,12.01,12.02
12.12,12.53,12.07,12.22
12.35,12.59,11.93,11.98
11.9,12.27,11.75,12.14
12.2,12.35,11.83,11.97
12.57,12.86,12.27,12.75
12.45,12.79,12.3,12.48
12.88,13.39,12.74,12.98
12.66,13.33,12.61,13.23
12.85,12.97,12.47,12.58
12.79,12.87,12.31,12.5
12.72,13.49,12.51,13.16
12.77,13.07,12.48,12.53
12.6,13.18,12.52,13.05
12.85,13.45,12.55,12.66
12.81,13.4,12.75,13.23
13.31,13.5,13.03,13.39
13.35,13.6,13.1,13.6
13.58,13.64,13.27,13.51
13.66,13.66,13.2,13.22
13.35,14.04,13.22,13.99
13.81,13.95,13.23,13.42
13.68,14.14,13.6,13.74
13.63,13.87,13.51,13.6
13.79,14.12,13.62,14.09
13.98,14.02,13.56,13.61
13.69,13.88,13.35,13.55
13.55,13.61,13,13.35
13.17,13.61,13.12,13.18
12.92,13.14,12.51,12.7
12.76,13.1,12.67,12.81
12.7,13.12,12.6,12.75
13.04,13.14,12.8,12.95
12.95,13.39,12.78,13.34
13.08,13.24,12.99,13.23
13,13.1,12.68,12.81
12.9,13.01,12.75,12.92
13.14,13.59,13.07,13.47
14.02,14.54,13.86,14.42
14.4,14.42,14,14.07
13.93,14.09,13.77,14.02
14.15,14.53,14.05,14.43
14.43,14.52,14.03,14.39
14.16,14.25,13.6,13.66
13.94,14.59,13.71,14.38
14.62,15.39,14.41,14.48
14.56,14.74,14.11,14.55
14.79,14.94,14.36,14.73
14.48,14.55,13.88,13.89
13.74,14.05,13.6,13.64
13.7,14.35,13.7,14.02
14.12,14.6,14.12,14.29
14.5,14.5,13.91,14.14
14.2,14.25,13.96,14.18
14.55,14.99,14.18,14.74
14.8,15,14.52,14.85
15.03,15.1,14.38,14.8
14.88,15.3,14.7,15.15
14.9,15.83,14.81,15.54
15.5,15.5,14.9,15.1
14.92,14.95,14.5,14.52
14.5,14.86,14.4,14.76
15,15.1,14.86,14.91
15.1,15.18,14.74,15.17
15.06,15.34,15.02,15.18
15.08,15.31,14.8,14.96
14.92,15.12,14.62,14.87
14.89,15.17,14.75,14.98
14.68,15.44,14.67,15.28
15.27,15.53,14.88,14.94
15.09,15.24,14.69,15.09
15.19,15.84,15.11,15.84
16.17,16.65,16.13,16.58
16.6,16.75,16.25,16.62
16.5,16.5,15.67,16.3
16.4,16.71,16.04,16.65
16.77,16.99,16.3,16.64
16.47,16.49,16.04,16.19
16.23,16.5,16.18,16.4
16.7,16.72,16.1,16.32
16.26,16.46,16.15,16.19
16.17,16.47,16.1,16.4
16.56,16.68,16.13,16.4
16.33,16.38,15.9,15.96
15.91,16.03,15.46,15.6
15.62,15.64,15.23,15.34
15.5,15.84,15.4,15.8
15.55,15.61,14.71,14.71
14.75,14.9,14.55,14.68
14.76,15.6,14.76,15.45
15.44,15.67,15.24,15.53
15.6,15.8,15.48,15.74
15.86,16.01,15.6,15.9
15.85,15.9,15.35,15.66
15.49,15.69,15.35,15.41
15.24,15.28,14.88,14.99
14.83,14.93,14.55,14.91
14.92,14.93,14.36,14.44
14.44,14.69,14.22,14.38
14.48,14.68,14.25,14.55
14.78,15.18,14.75,14.93
14.95,15.06,14.64,15.01
15.07,15.22,14.98,15.18
15.23,15.74,15.15,15.71
15.8,16.25,15.78,16.19
16.75,16.91,16.45,16.84
17.18,17.43,16.65,17.01
17.05,17.11,16.44,16.75
16.19,17.48,16.12,17.37
17.41,17.68,17.16,17.36
17.43,17.59,17.02,17.48
17.37,17.48,16.85,17
16.97,17.49,16.52,17.22
16,16.2,15.05,15.14
15.13,15.14,14.24,14.6
14.72,14.89,14.29,14.32
14.56,14.62,14.3,14.34
14.44,14.68,14.37,14.51
14.76,14.91,14.61,14.67
14.76,14.86,14.63,14.74
14.86,14.9,14.56,14.62
14.66,14.68,14.49,14.63
14.54,14.65,14.33,14.46
14.47,14.76,14.41,14.68
14.74,15.07,14.61,15.04
14.98,15.14,14.85,15.04
14.69,14.78,14.51,14.56
14.64,14.78,14.56,14.75
14.58,14.91,14.55,14.79
14.75,14.9,14.7,14.77
14.88,14.96,14.73,14.79
14.89,15.19,14.83,14.99
15.12,15.21,14.94,15.07
15.09,15.14,14.86,14.93
14.92,15,14.71,14.93
14.98,15.08,14.8,14.85
14.74,14.8,14.56,14.61
14.5,14.68,14.15,14.18
14.08,14.33,13.97,14.23
14.36,14.43,14.16,14.28
14.26,14.64,14.23,14.5
14.65,14.66,14.37,14.49
14.45,14.86,14.42,14.78
15.28,15.63,15.15,15.45
15.53,15.68,15.41,15.59
15.45,15.58,15.28,15.57
16.01,16.49,15.87,16.41
16.57,17.11,16.52,16.99
17,17.79,16.96,17.5
17.7,17.7,16.85,17.39
17.23,17.23,16.96,17.04
17.17,17.22,16.75,16.86
17.1,17.6,16.97,17.21
17.31,17.32,16.65,16.89
16.8,17.15,16.75,17.08
16.98,17.47,16.95,17.47
17.5,17.66,17.21,17.45
17.48,17.94,17.24,17.81
17.65,17.72,17.2,17.39
17.23,17.35,16.78,16.84
16.85,17.12,16.66,16.8
16.96,17.35,16.95,17.3
17.22,17.49,17.15,17.49
17.63,17.86,17.54,17.58
17.43,17.48,16.84,16.87
16.96,17.11,16.66,16.75
16.95,17,16.81,16.88
16.93,17.03,16.82,16.95
16.84,16.89,16.46,16.52
16.61,16.85,16.4,16.81
16.8,17.29,16.7,17.22
17.37,17.41,16.87,17.17
17.98,18.02,17.57,17.66
17.54,17.75,17.3,17.67
17.71,17.75,17.09,17.22
17.05,17.2,16.67,16.87
16.69,16.87,16.35,16.69
16.69,16.77,16.02,16.04
16.19,16.38,15.74,16.13
16.06,16.37,15.8,15.9
15.75,15.9,15.59,15.85
15.71,15.78,15.63,15.7
15.9,15.9,15.66,15.69
15.8,16,15.74,15.9
15.89,16.03,15.76,15.94
16.13,16.19,15.97,16.02
16.08,16.36,16.01,16.04
16,16.16,15.92,16.09
16.1,16.28,15.97,16
16.04,16.1,15.92,15.93
16.08,16.19,15.92,16.07
15.89,16.11,15.73,16.05
16.02,16.13,15.84,15.98
15.83,15.85,15.52,15.61
15.6,15.74,15.36,15.38
15.58,15.65,15.34,15.45
15.38,15.49,15.2,15.24
15.29,15.35,15.17,15.3
15.04,15.09,14.88,15
14.9,15.1,14.8,14.97
15.03,15.19,14.85,15.13
15.17,15.5,15.16,15.31
15.33,15.38,15.1,15.11
15.32,15.38,15,15.19
15.36,15.65,15.32,15.45
15.45,15.9,15.23,15.45
15.52,15.54,15.12,15.18
15.34,15.57,15.24,15.49
15.85,15.9,15.62,15.74
15.9,15.97,15.64,15.81
15.77,15.88,15.65,15.74
15.57,15.82,15.47,15.79
15.72,15.96,15.64,15.82
15.94,16.14,15.78,16.14
16.11,16.17,15.85,15.88
15.88,16.08,15.82,15.98
16.35,16.7,16,16.67
16.69,16.75,16.65,16.72
16.74,16.94,16.68,16.88
16.84,16.97,16.68,16.92
16.83,16.99,16.81,16.98
16.92,16.96,16.77,16.78
16.94,17.2,16.88,17.1
17.22,17.23,17,17.23
17.17,17.3,17.07,17.17
16.81,16.9,16.57,16.7
16.68,16.76,16.62,16.7
16.77,16.83,16.48,16.74
16.65,16.86,16.6,16.68
16.88,16.98,16.65,16.9
16.81,17.23,16.8,17.12
17.25,17.25,16.75,16.82
16.78,16.96,16.64,16.75
16.65,16.68,16.25,16.38
16.39,16.58,16.1,16.2
16.08,16.21,15.81,15.88
16.07,16.11,15.74,15.86
15.82,16.17,15.7,15.99
16.46,16.49,15.77,15.98
15.93,15.96,15.44,15.44
15.51,15.67,14.9,15.01
15.14,15.3,14.87,15.05
15.1,15.32,15.03,15.17
15.12,15.6,15.12,15.46
15.34,15.52,14.99,15.01
15.01,15.25,14.92,15.19
15.18,15.47,14.95,14.99
15.2,15.24,14.94,15.07
15.02,15.02,14.48,14.8
14.87,15.25,14.76,15.22
15.07,15.19,14.85,15.17
15.23,15.48,15.18,15.41
15.5,15.52,15.32,15.44
15.4,15.6,15.32,15.54
15.49,15.71,15.32,15.58
15.61,15.68,15.44,15.49
15.45,15.51,15.14,15.38
15.48,15.71,15.33,15.59
15.32,15.35,15.13,15.24
15.27,15.41,15.16,15.31
15.43,15.83,15.4,15.79
15.87,15.96,15.67,15.73
15.85,15.85,15.55,15.57
15.55,15.85,15.52,15.81
15.89,16.38,15.89,16.06
16.32,16.61,16.3,16.52
16.41,16.72,16.4,16.53
16.51,16.94,16.51,16.79
16.57,16.65,16.1,16.53
16.51,16.59,16.26,16.32
16.35,16.64,16.28,16.46
16.47,16.59,16.23,16.36
16.28,16.63,16.28,16.5
16.46,16.57,16.32,16.56
16.62,16.81,16.34,16.44
16.37,16.54,16.32,16.34
16.34,16.34,15.97,16.03
16.1,16.2,15.92,16.09
16.17,16.59,16.14,16.32
16.34,16.57,16.31,16.54
16.48,16.68,16.47,16.56
16.55,16.69,16.39,16.61
16.45,16.58,16.42,16.53
16.39,16.56,16.3,16.51
16.55,16.98,16.42,16.92
16.78,16.92,16.76,16.87
16.91,17.41,16.9,17.35
17.42,18.07,17.24,17.52
17.52,17.88,17.41,17.64
17.51,18.3,17.4,18.18
18.15,18.47,18.06,18.38
18.3,19.12,18.13,18.97
18.67,18.68,17.96,18.17
18.01,18.4,17.99,18.39
18.5,18.52,18.22,18.38
17.58,17.78,17.3,17.45
17.37,17.78,17.15,17.72
17.71,17.83,17.5,17.64
17.69,17.72,17.34,17.39
17.28,17.36,16.88,16.92
16.98,17,16.63,16.75
16.82,17.05,16.78,16.97
17.11,17.13,16.53,16.53
16.68,16.98,16.56,16.95
16.63,16.9,16.25,16.32
16.17,16.7,16.11,16.49
16.34,16.51,15.43,15.92
15.77,15.95,15.25,15.29
16.04,16.83,16,16.33
15.95,16.64,15.91,16.41
16.45,16.5,16.33,16.47
16.49,16.5,16.08,16.14
16.51,16.66,16.14,16.39
16.41,16.47,15.96,16.27
16.27,16.44,15.95,16.03
15.83,16,15.51,15.79
15.45,15.49,15.06,15.1
14.81,15.9,14.63,15.48
15.42,15.79,15.36,15.54
15.04,15.31,14.89,15.31
15.6,15.83,15.43,15.45
15.83,15.84,15.36,15.69
15.61,15.69,15,15.34
15.31,15.55,14.98,15.02
15.04,15.2,14.96,15.18
15.32,15.5,15.16,15.43
15.12,15.38,14.96,15
15.19,15.36,14.94,14.94
15.05,15.12,14.62,14.79
14.93,15.06,14.65,14.69
14.94,15.14,14.87,15.1
15.02,15.35,14.98,15.29
15.46,15.49,15.15,15.17
15.29,15.69,15.23,15.65
15.58,15.65,15.34,15.49
15.72,15.72,15.44,15.6
15.66,15.67,15.47,15.54
15.71,15.84,15.09,15.21
15.24,15.51,15.07,15.09
15.14,15.39,14.95,15.23
15.11,15.19,14.7,14.83
14.86,14.92,14.57,14.81
14.83,14.86,14.58,14.73
14.53,14.54,13.88,14.04
13.95,14.22,13.79,13.84
13.99,14.15,13.75,14.09
14.08,14.24,14.03,14.07
14.23,14.46,14,14.13
14.18,14.42,14.12,14.4
14.43,14.77,14.4,14.6
14.6,14.93,14.59,14.89
14.93,15.21,14.78,14.94
15.06,15.6,14.99,15.52
15.32,15.42,15.2,15.37
15.31,15.39,15.04,15.37
15.33,15.37,13.86,14.9
15.23,15.38,15.02,15.1
14.99,15.28,14.8,15.2
14.27,14.28,13.75,13.91
13.89,14.17,13.81,13.88
13.78,14.04,13.52,13.99
13.96,14.22,13.95,14.15
14.07,14.1,13.89,13.95
13.91,13.99,13.85,13.87
13.9,13.96,13.75,13.76
13.69,13.98,13.68,13.88
14.01,14.08,13.96,14
13.95,14.07,13.91,13.94
14,14.2,13.92,14.18
14.16,14.25,14.02,14.16
14.06,14.38,14,14.34
14.34,14.52,14.34,14.4
14.26,14.46,14.2,14.35
14.14,14.2,13.84,13.87
13.77,13.99,13.75,13.85
13.81,13.96,13.76,13.83
13.75,13.9,13.68,13.79
13.84,14,13.75,13.94
13.98,14.05,13.84,13.99
13.85,14,13.8,13.85
13.85,13.95,13.74,13.79
13.81,13.87,13.54,13.65
13.53,13.64,13.39,13.4
13.29,13.37,13.14,13.26
13.36,13.4,13.21,13.21
13.24,13.47,13.03,13.43
13.27,13.42,13.18,13.18
13.11,13.14,12.94,13.11
13.2,13.41,13.13,13.37
13.33,13.54,13.26,13.51
13.69,13.75,13.56,13.62
13.56,13.62,13.5,13.53
13.66,13.82,13.62,13.75
13.88,13.92,13.57,13.65
13.68,13.77,13.54,13.68
13.83,13.88,13.61,13.73
13.76,13.76,13.6,13.63
14.03,14.35,13.77,14.27
14.2,14.23,13.98,14.19
14.33,14.33,13.88,13.89
13.95,14.06,13.84,13.86
13.94,14.26,13.92,14.18
14.19,14.25,13.96,14.04
13.93,14.24,13.93,14.17
14.3,14.51,14.24,14.5
14.46,14.52,14.25,14.28
14.33,14.45,14.14,14.39
14.36,14.39,14.06,14.34
14.26,14.35,13.99,14.17
14.19,14.35,14.13,14.27
14.2,14.32,14.13,14.28
14.45,14.77,14.4,14.61
14.6,14.7,14.34,14.52
14.6,14.61,14.14,14.23
14.21,14.56,14.18,14.49
14.45,14.58,14.38,14.41
14.36,14.47,14.27,14.43
14.57,15.48,14.5,15.25
16.75,16.76,15.75,15.93
16.17,16.73,15.9,16.25
16.2,16.28,15.75,15.92
15.73,15.8,15.37,15.49
15.79,16.25,15.78,15.8
15.9,16,15.73,15.97
15.9,16.41,15.86,16.3
16.3,16.44,16.15,16.4
16.22,16.48,16.2,16.46
16.4,16.43,16.2,16.42
16.45,16.45,16.31,16.4
16.37,16.52,16.33,16.49
16.5,16.52,16.08,16.15
16.29,16.4,16.18,16.19
16.21,16.23,16.01,16.17
16.31,16.35,16.02,16.2
16.18,16.4,16.18,16.26
16.29,16.5,16.25,16.44
17.22,17.6,16.86,16.97
17,17.01,16.75,16.94
16.63,16.86,16.52,16.8
16.65,16.75,16.4,16.55
16.56,16.89,16.33,16.6
16.45,16.49,16.1,16.24
16.21,16.33,16.11,16.15
16.4,17.17,16.29,16.99
16.97,16.97,16.52,16.57
16.43,16.65,16.25,16.56
16.34,16.43,16.04,16.19
16.31,16.48,16.15,16.41
16.25,16.4,16.22,16.22
16.1,16.45,15.95,16.38
16.2,16.34,15.77,15.82
16,16.4,16,16.15
16.2,16.41,16.12,16.33
16.27,16.37,16.2,16.35
16.47,16.6,16.3,16.33
16.5,17.07,16.5,16.94
17.01,17.22,16.96,17.02
17.12,17.19,16.8,16.95
16.97,17.05,16.91,17.01
16.9,16.99,16.69,16.7
16.77,16.84,16.57,16.63
16.55,16.73,16.42,16.45
16.45,16.7,16.44,16.51
16.51,16.66,16.32,16.38
16.38,16.42,16.15,16.28
16.31,16.68,16.2,16.6
16.67,16.78,16.56,16.63
16.56,16.73,16.45,16.72
16.62,16.63,16.4,16.48
16.47,16.54,16.33,16.43
16.5,16.77,16.43,16.61
16.6,16.77,16.52,16.76
16.74,16.76,16.47,16.63
16.81,16.94,16.67,16.75
16.71,16.83,16.57,16.59
16.55,16.91,16.34,16.91
16.9,17.34,16.77,17.06
17.03,17.17,16.65,16.9
16.78,16.8,16.5,16.6
16.7,16.73,16.53,16.58
16.71,16.81,16.59,16.65
16.64,16.92,16.57,16.75
16.67,16.83,16.6,16.81
16.62,16.68,16.42,16.5
16.49,16.55,16.23,16.31
16.29,16.33,16.09,16.23
16.27,16.31,15.93,15.96
16,16.24,15.76,16.09
16.17,16.19,15.85,16.02
15.93,16.05,15.41,15.57
15.58,16.36,15.58,16.2
16.15,16.21,15.68,15.83
15.82,16.2,15.79,16.12
16.33,16.46,16.23,16.38
16.25,16.66,16.25,16.57
16.48,16.91,16.4,16.69
16.74,16.91,16.45,16.78
16.81,17,16.77,16.8
16.83,16.85,16.48,16.6
16.54,16.7,16.35,16.43
16.39,16.72,16.35,16.62
16.58,16.86,16.54,16.85
16.84,16.93,16.72,16.89
16.8,17.39,16.78,17.2
17.23,17.82,17.21,17.76
17.75,17.82,17.5,17.77
17.69,17.84,17.57,17.66
17.08,17.39,16.87,16.9
17.03,17.1,16.35,16.58
16.66,16.73,16.04,16.37
16.39,16.77,16.38,16.5
16.37,16.6,16.28,16.4
16.46,16.49,16.08,16.1
16.65,16.85,16.6,16.63
16.85,17.04,16.76,16.86
16.75,17.2,16.72,17.08
17.07,17.15,16.49,16.7
16.74,17.02,16.72,16.94
16.89,17.7,16.85,17.65
17.3,17.39,16.93,17.06
17,17.54,17,17.42
17.24,17.44,17.09,17.31
16.66,16.68,16.04,16.33
16.33,16.48,15.85,15.91
16.16,16.42,15.81,15.86
16.1,16.19,16.01,16.03
16.18,16.5,16.16,16.29
16.29,16.48,16.16,16.36
16.3,16.34,15.98,16.13
16.19,16.91,16.17,16.83
16.94,17.05,16.7,16.96
17.01,17.06,16.58,16.58
16.6,16.78,16.53,16.75
16.83,16.92,16.68,16.74
16.71,16.88,16.65,16.68
16.83,16.98,16.72,16.84
16.9,17.05,16.81,16.87
16.81,17.29,16.79,17.11
17.17,17.2,16.94,17.05
16.91,17.1,16.78,17
17.08,17.11,16.77,16.77
16.91,16.96,16.37,16.59
16.55,16.64,16.29,16.36
16.43,16.69,16.43,16.64
16.55,16.82,16.43,16.69
16.64,16.78,16.54,16.62
16.35,16.44,16.06,16.34
16.21,16.36,16.08,16.12
16.7,17.23,16.59,16.87
16.93,16.94,16.74,16.85
17.01,17.3,16.9,17.11
17.11,17.37,17.02,17.28
17.3,17.43,17.18,17.26
17.22,17.53,17.17,17.51
17.46,17.77,17.36,17.7
17.79,18.34,17.57,18.14
18.23,18.64,17.88,17.92
17.99,18.38,17.96,18.2
18.12,18.56,18.05,18.43
18.59,18.8,18.38,18.65
18.6,18.84,18.54,18.56
18.67,18.7,18.42,18.55
18.45,18.61,16.74,17.2
17.12,17.81,16.93,17.17
16.14,16.84,15.96,16.55
16.68,16.69,15.63,15.81
15.88,16.07,15.72,16
16.07,16.16,15.75,15.96
16.05,16.49,16.04,16.35
16.32,16.44,16.15,16.3
16.05,16.17,16,16.06
16.11,16.41,16.05,16.14
16.19,16.99,16.1,16.15
16.18,16.22,15.88,15.98
16.03,16.19,15.95,16.02
16.17,16.59,16.12,16.55
16.34,16.43,15.79,15.84
16,16.11,15.87,16.02
15.82,16,15.63,15.68
15.73,15.85,15.41,15.45
15.54,15.65,15.32,15.44
15.37,15.38,15.08,15.1
15.18,15.33,14.94,15.22
15.27,15.73,15.11,15.2
15.2,15.34,15.1,15.16
15.26,15.56,15.19,15.2
15.01,15.05,14.5,14.81
15.01,15.09,14.65,14.78
14.98,14.98,14.56,14.7
14.66,15.42,14.66,14.99
15.03,15.38,14.91,15.35
15.29,15.53,15.19,15.22
15.08,15.09,14.72,15.08
15.08,15.16,14.85,14.88
14.87,14.98,14.77,14.88
14.95,15.18,14.88,14.95
14.96,15.05,14.68,14.89
14.98,15.1,14.64,15.04
15.08,15.5,15.02,15.45
15.4,15.67,15.25,15.49
15.53,15.81,15.52,15.72
15.78,15.95,15.7,15.81
15.62,15.69,15.44,15.61
15.43,15.44,14.99,15.05
15.01,15.18,14.85,14.86
15.01,15.1,14.87,14.91
14.88,14.99,14.6,14.63
14.75,14.94,14.61,14.69
14.68,14.69,14.36,14.42
14.57,14.69,14.45,14.59
14.15,14.15,13.45,13.48
13.5,13.62,13.36,13.59
13.65,14.05,13.57,13.98
13.84,13.88,13.68,13.69
13.7,13.99,13.65,13.94
13.87,13.9,13.57,13.58
13.6,13.71,13.43,13.5
13.89,14.07,13.04,13.1
13.24,13.34,12.95,13.1
12.96,12.94,12.52,12.85
12.84,13.07,12.52,13.02
12.8,12.86,11.99,12
12.08,12.12,11.41,11.74
11.43,11.8,11.09,11.09
11.3,12.09,11.25,12.08
11.77,12.14,11.62,11.77
11.89,12.92,11.88,12.86
12.81,13.62,12.76,13.58
13.63,13.69,13.27,13.46
13.34,13.57,13.18,13.48
13.49,13.62,13.32,13.47
13.02,13.09,12.8,12.96
12.75,13.08,12.72,12.92
13.16,13.23,12.77,12.84
12.91,13.35,12.75,13.35
13.28,13.3,12.79,13.15
13.12,13.21,12.81,12.87
12.8,12.89,12.52,12.74
12.9,13.68,12.69,13.68
13.3,13.98,13.23,13.84
13.91,13.94,13.54,13.61
13.67,13.78,13.32,13.35
13.12,13.13,12.86,12.87
12.52,12.95,12.45,12.91
13.75,14,13.24,13.61
13.57,14.49,13.37,14.44
14.36,14.57,14.07,14.48
14.12,14.28,13.92,14.26
14.3,14.34,14.12,14.26
14.47,14.94,14.34,14.55
14.73,15.4,14.51,14.89
15.09,15.34,14.94,14.97
14.76,14.79,14.4,14.61
14.53,14.66,14.28,14.36
14.38,14.6,13.96,13.96
14.2,14.25,13.69,13.99
14.23,14.83,14.12,14.71
14.79,14.8,14.23,14.75
14.92,15,14.44,14.54
14.61,14.62,14.15,14.19
14.34,14.39,13.15,13.42
13.21,13.44,13.11,13.17
13.7,14.04,13.37,13.53
14,14.48,13.87,14.46
14.66,16.15,14.39,15.92
15.16,15.8,14.92,15.65
15.64,15.75,15.38,15.47
15.86,16.04,15.62,15.84
15.79,15.95,15.59,15.86
15.93,15.95,15.67,15.77
15.76,16.37,15.54,15.93
16.13,16.15,15.66,15.91
15.95,16.04,15.65,15.7
15.72,15.74,15.11,15.47
16.04,16.79,15.73,15.94
16.2,16.49,15.97,16.18
16.38,16.39,16.06,16.12
16.57,16.75,16.31,16.71
16.66,16.7,16.18,16.24
16.33,16.44,15.86,16.3
16.56,16.7,16.45,16.63
16.41,16.7,16.25,16.56
16.06,16.07,15.45,15.64
14.95,15.08,14.75,14.93
15.1,15.3,15,15.1
15.2,15.5,15.03,15.48
15.39,15.54,14.95,15.24
15.26,15.7,15.25,15.69
15.87,16.18,15.81,15.97
16.17,16.5,15.87,15.92
16.18,16.22,15.84,15.95
15.96,16.31,15.91,16.27
16.17,16.31,15.93,16
15.93,16.05,15.7,15.93
15.8,16.1,15.7,15.72
15.69,15.77,15.2,15.34
15.56,15.69,15.36,15.38
15.19,15.19,14.77,14.99
14.88,15.08,14.75,14.97
15.2,15.24,14.83,14.94
15,15.25,14.9,15.1
15.24,15.47,15.21,15.35
15.6,15.94,15.45,15.7
15.9,16.04,15.65,15.71
16.42,16.46,16.09,16.23
16.31,16.41,16.03,16.05
16.11,16.14,15.83,15.89
15.9,16.05,15.84,15.84
15.82,15.86,15.56,15.62
15.6,15.76,15.53,15.61
15.61,15.96,15.6,15.94
15.71,15.72,15.41,15.47
15.54,15.74,15.35,15.42
15.19,15.28,14.8,15.02
15.21,15.29,15.01,15.16
15.05,15.26,14.92,14.96
14.95,15,14.57,14.62
14.68,15.18,14.68,15.11
15.15,16.24,14.74,15.99
16.36,16.4,15.95,16
16.05,16.26,15.87,16.19
16.16,16.17,16.01,16.09
16.03,16.05,15.67,15.78
15.95,16.23,15.8,16.13
16.18,16.21,16.03,16.13
16.27,16.39,16.2,16.28
16.12,16.16,15.74,15.78
15.6,15.69,15.44,15.64
15.64,15.66,15.4,15.52
15.59,15.61,15.35,15.46
15.57,15.71,15.5,15.51
15.56,15.62,15.35,15.53
15.58,15.73,15.45,15.66
15.65,15.67,15.43,15.48
15.63,15.66,15.39,15.43
15.87,16,15.69,15.92
15.9,16.15,15.89,16.12
16.11,16.11,15.85,15.96
15.85,15.93,15.64,15.68
15.57,15.81,15.55,15.69
15.6,15.7,15.46,15.56
15.63,15.69,15.42,15.53
15.5,15.8,15.46,15.74
15.61,15.65,15.5,15.55
15.54,15.62,15.41,15.47
15.57,15.8,15.53,15.73
15.76,15.82,15.69,15.72
15.94,15.98,15.83,15.92
15.94,15.95,15.76,15.82
15.84,15.89,15.74,15.83
15.96,15.97,15.72,15.78
16.1,16.1,15.9,16
16.02,16.31,16,16.14
16.13,16.24,16.05,16.12
16.07,16.1,14.92,15.36
15.23,15.3,15.08,15.12
15.25,15.38,15.1,15.36
15.41,15.44,15,15.01
15.04,15.07,14.75,14.75
14.68,14.75,14.43,14.5
14.55,14.81,14.37,14.78
14.86,14.97,14.83,14.89
14.74,14.91,14.72,14.86
14.93,14.99,14.76,14.9
14.89,14.93,14.78,14.83
14.89,14.96,14.79,14.93
14.88,14.92,14.66,14.72
14.66,14.95,14.52,14.62
14.61,14.69,14.35,14.42
14.48,14.71,14.44,14.62
14.7,14.77,14.52,14.62
14.63,14.7,14.61,14.63
14.66,14.76,14.48,14.49
14.54,14.62,14.39,14.55
14.54,14.64,14.42,14.63
14.64,14.98,14.57,14.88
14.95,15.18,14.92,15.18
15.08,15.22,14.92,15.15
15,15.61,14.92,15.41
15.42,15.61,15.17,15.51
15.51,15.56,15.38,15.48
15.52,15.59,15.31,15.38
15.46,15.56,15.36,15.54
15.53,15.55,15.41,15.43
15.45,15.48,15.14,15.32
15.19,15.34,15.11,15.3
15.37,15.42,15.18,15.22
15.19,15.51,15.11,15.46
15.36,15.43,15.06,15.18
15.15,15.34,15,15.27
15.14,15.26,15,15.06
15,15.25,14.96,15.1
15.08,15.18,14.91,14.99
15.08,15.08,14.84,14.88
14.9,15.1,14.84,15.06
14.99,15.18,14.86,14.87
15,15.04,14.73,14.78
14.82,15.18,14.82,15.01
15.4,15.57,15.3,15.49
15.44,15.57,15.36,15.4
15.41,15.7,15.39,15.6
15.41,15.47,15.29,15.33
15.33,15.52,15.33,15.43
15.43,15.51,15.38,15.5
15.44,15.55,15.38,15.53
15.51,15.62,15.49,15.57
15.55,15.57,15.45,15.54
15.51,15.72,15.5,15.63
15.58,15.77,15.54,15.67
15.64,15.64,15.32,15.4
15.25,15.29,15.09,15.15
15.34,15.49,15.16,15.35
15.31,15.44,15.09,15.36
15.17,15.45,15.03,15.3
15.4,15.54,15.3,15.44
14.88,15.44,14.8,15.19
15.48,15.77,15.4,15.5
15.47,15.55,15.34,15.4
15.4,15.57,15.26,15.28
15.26,15.37,14.85,14.87
15.78,15.87,15.36,15.42
16,16,15.1,15.58
15.58,15.61,15.19,15.29
15.19,15.43,15.14,15.38
15.34,15.51,15.22,15.35
15.4,15.48,15.28,15.36
15.4,15.55,15.28,15.47
15.3,15.34,15.16,15.25
15.23,15.37,15.12,15.24
15.04,15.12,14.85,14.92
14.9,15.03,14.81,15.01
15,15.14,14.91,15.1
15.14,15.41,15.14,15.36
15.47,15.5,15.33,15.36
15.52,15.68,15.4,15.65
15.73,15.73,15.27,15.3
15.35,15.52,15.26,15.47
15.47,15.49,15.27,15.34
15.3,15.46,15.25,15.36
15.44,15.44,15.33,15.36
15.33,15.54,15.27,15.49
15.52,15.69,15.51,15.65
15.69,15.75,15.58,15.74
15.74,15.8,15.47,15.52
15.53,15.7,15.52,15.61
15.51,15.55,15.31,15.44
15.4,16.35,15.19,15.34
15.41,15.63,15.38,15.52
15.41,15.48,15.29,15.45
15.61,15.83,15.53,15.83
15.8,15.94,15.76,15.84
15.83,15.99,15.82,15.98
15.9,15.99,15.81,15.85
15.8,15.91,15.68,15.78
15.78,15.84,15.7,15.75
15.83,15.98,15.71,15.82
15.82,15.94,15.68,15.8
15.63,15.81,15.54,15.69
15.7,15.84,15.69,15.74
15.69,15.8,15.6,15.64
15.85,15.89,15.42,15.6
15.64,15.75,15.51,15.7
15.71,15.86,15.64,15.72
15.75,15.94,15.68,15.92
15.7,15.81,15.59,15.76
15.74,15.76,15.23,15.43
15.52,15.64,15.4,15.5
15.69,15.88,15.62,15.8
15.88,16.17,15.84,16.11
16.15,16.15,15.9,15.98
16,16.06,15.81,15.84
15.86,16.07,15.83,15.99
15.86,16,15.64,15.74
15.89,16.03,15.82,15.97
16,16.07,15.95,16.04
16.09,16.37,16.07,16.22
16.15,16.32,16.09,16.17
16.16,16.16,15.98,16.01
15.25,15.35,15.01,15.15
15.03,15.21,15,15.02
15.04,15.05,14.69,14.73
14.77,14.86,14.65,14.76
14.81,15.01,14.75,14.99
15.02,15.07,14.85,15.03
14.99,15.05,14.88,14.96
14.95,15.01,14.88,14.97
14.95,14.99,14.86,14.92
14.9,14.97,14.82,14.86
14.82,14.94,14.76,14.92
14.92,14.93,14.77,14.85
14.84,14.87,14.69,14.72
14.73,14.94,14.7,14.84
14.81,14.84,14.64,14.67
14.79,14.82,14.59,14.65
14.64,14.98,14.59,14.89
14.86,15.14,14.85,15.09
15.13,15.15,14.96,15.11
15.12,15.29,15.1,15.22
15.19,15.28,15.11,15.11
15.09,15.25,15.06,15.16
15.3,15.55,15.28,15.4
15.38,15.69,15.37,15.6
15.7,15.84,15.62,15.77
15.81,15.84,15.63,15.68
15.65,16.17,15.6,15.9
15.96,16.13,15.84,15.86
15.76,15.86,15.65,15.79
15.72,15.82,15.66,15.74
15.69,16.04,15.6,16
16.09,16.09,15.67,15.68
15.71,15.81,15.54,15.61
15.9,16.2,15.79,16.04
16.01,16.09,15.93,15.98
16,16.09,15.77,15.82
16.03,16.04,15.88,15.94
16,16.24,15.99,16.21
16.22,16.35,16.15,16.27
16.27,16.38,16.09,16.09
16.02,16.16,16,16.03
16.03,16.05,15.81,15.85
15.83,15.99,15.8,15.83
15.94,16.02,15.84,15.92
15.9,16.02,15.86,15.88
15.85,15.87,15.65,15.68
15.82,15.98,15.76,15.92
15.85,16.12,15.83,16.09
16.23,16.24,15.83,16
16,16.03,15.83,15.84
15.81,15.95,15.74,15.77
16.53,16.79,16.26,16.67
16.78,16.8,16.48,16.55
16.72,16.77,16.49,16.61
16.54,16.82,16.52,16.79
16.81,16.89,16.6,16.84
16.9,17.05,16.86,16.95
17,17.14,16.95,17.11
17.1,17.43,17.01,17.37
17.44,17.53,17.32,17.46
17.24,17.56,17.18,17.39
17.3,17.5,17.23,17.24
17.22,17.52,17.18,17.26
17.18,17.56,17.17,17.51
17.42,17.85,17.38,17.85
17.9,18.08,17.75,17.82
17.82,18.16,17.74,17.89
17.91,18.02,17.76,17.86
18.02,18.37,17.87,18.36
18.44,18.5,18.19,18.24
18.24,18.5,18.2,18.4
18.5,18.59,18.4,18.57
18.88,19,18.7,18.76
18.87,19.16,18.8,18.93
18.78,18.95,18.53,18.91
18.95,19.03,18.85,18.87
18.9,18.95,18.69,18.77
18.55,18.84,18.34,18.55
18.64,18.96,18.6,18.93
18.98,19.03,18.77,18.89
18.78,19.28,18.77,19.2
19.16,19.3,19.06,19.2
19.18,19.47,19.15,19.43
19.53,19.63,19.43,19.52
19.56,19.6,19.34,19.38
19.44,19.54,19.26,19.35
19.4,19.72,19.4,19.64
19.72,19.74,19.53,19.69
19.72,19.76,19.58,19.62
19.59,19.69,19.58,19.6
19.58,19.71,19.41,19.69
19.49,19.49,19.23,19.35
19.45,19.66,19.38,19.65
19.7,19.75,19.52,19.57
19.54,19.67,19.44,19.6
19.44,19.57,19.28,19.5
19.43,19.97,19.4,19.9
20.2,20.32,20.01,20.08
20.05,20.1,19.72,19.78
19.76,19.95,19.72,19.86
19.56,19.58,19.28,19.4
19.32,19.68,19.3,19.66
19.73,19.75,19.22,19.33
19.19,19.38,18.93,18.99
19.05,19.38,18.89,19.29
19.33,19.54,19.25,19.43
19.28,19.54,19.28,19.52
19.91,20.14,19.62,20.07
20.14,20.2,20,20.13
20.07,20.17,19.97,20.02
19.91,19.95,19.72,19.9
19.98,20.19,19.91,20.11
20.08,20.52,20.07,20.44
20.43,20.48,20.22,20.37
20.5,20.5,20.2,20.31
20.87,20.88,19.68,19.7
19.92,20.12,19.69,20.12
19.92,19.99,19.57,19.63
19.77,19.83,19.58,19.76
19.76,19.81,19.31,19.34
19.49,19.78,19.42,19.66
19.63,19.9,19.59,19.85
20.1,20.43,19.93,20.32
20.38,20.61,20.3,20.5
20.44,20.98,20.39,20.9
20.94,21.4,20.89,21.21
21.15,21.43,21.07,21.15
21.1,21.26,21.06,21.18
21.15,21.25,20.9,21.02
21.03,21.41,20.97,21.29
21.31,21.45,20.9,20.92
20.92,21,20.74,20.83
20.87,21.31,20.85,21.22
21.26,21.32,20.72,20.73
20.68,20.85,20.58,20.76
20.81,21.31,20.69,21.16
21.06,21.57,21.05,21.3
21.36,22.28,21.26,21.94
22.37,22.74,22.2,22.7
22.91,23.08,22.61,22.95
23.08,23.09,22.71,22.8
22.92,23,22.65,22.7
22.92,22.96,22.71,22.9
22.8,23,22.57,22.6
22.51,22.58,22.19,22.4
22.48,22.48,22.16,22.34
22.47,22.75,22.4,22.43
22.34,22.39,21.97,22.07
21.9,22.17,21.87,22.01
22.06,22.33,21.89,22.17
22.03,22.33,21.95,22.1
22.39,22.95,22.36,22.86
22.88,23.26,22.72,23.26
23.41,23.88,23.3,23.38
23.46,23.62,23.35,23.59
23.54,23.83,23.41,23.59
23.63,23.77,23.45,23.53
23.31,23.62,23.19,23.5
23.77,23.9,23.6,23.78
23.78,23.88,23.24,23.38
23.49,23.72,23.36,23.52
23.18,23.41,23.01,23.3
23.24,23.48,23.12,23.48
23.56,24,23.44,23.83
24,24.32,23.95,24.2
24.41,24.57,24.31,24.48
24.58,24.8,24.34,24.69
24.72,24.99,23.82,23.98
24.06,24.26,23.76,23.79
23.45,24.1,23.13,23.7
23.66,23.7,22.7,23.26
23.12,23.63,22.83,23.47
23.71,23.96,23.47,23.95
23.96,24.45,23.96,24.38
24.45,24.96,24.44,24.75
24.93,25.29,24.88,25.2
25.14,25.37,24.58,24.68
24.85,24.91,24.35,24.43
24.38,24.78,24.36,24.73
24.67,24.72,24.26,24.3
24.34,24.97,24.18,24.97
25.13,25.25,24.99,25.07
25.05,25.34,24.92,25.17
26.01,26.79,25.55,26.07
26.17,26.66,25.96,26.41
26.41,26.49,26.14,26.24
26.32,26.86,26.31,26.83
26.76,26.83,26.36,26.39
26.75,26.87,26.52,26.64
26.63,27.68,26.55,27.34
27.43,27.43,26.57,26.58
26.78,26.98,26.46,26.52
26.68,27.05,26.21,26.58
26.9,27.13,26.72,27
27.07,27.19,26.44,26.54
25.95,26.27,25.7,26.02
25.9,26.48,25.65,26.33
26.65,26.77,25.98,26.07
25.9,26.04,25.32,25.81
25.83,26.5,25.8,26.33
26.2,26.6,26.09,26.3
26.37,26.62,26.13,26.39
26.46,26.56,25.97,26.26
26.11,26.25,25.68,25.75
25.88,26.21,25.66,26.21
26.39,27.09,26.28,27.04
27.04,27.12,26.7,26.74
26.43,26.88,26.32,26.4
26.5,26.53,25.89,25.89
25.79,26.46,25.71,26.37
26.32,26.55,26.16,26.28
26.29,26.85,26.24,26.54
26.56,26.89,26.5,26.66
26.6,26.78,26.23,26.24
26.03,26.05,25.23,25.35
25.29,25.43,24.94,25.19
24.98,25.08,23.82,24.06
24.29,25,24.23,24.96
25.22,25.68,25.01,25.28
25.47,25.98,25.44,25.47
25.43,25.54,24.89,25.13
25.26,25.54,25.18,25.24
25.27,25.5,24.9,24.99
24.84,25.64,24.82,25.59
25.85,26.26,25.52,25.68
25.72,25.99,25.49,25.52
25.74,26.7,25.74,26.68
26.88,27.07,26.19,26.56
26.95,27.19,26.94,27.04
27.08,27.44,27.01,27.23
27.47,27.47,27.06,27.34
27.3,27.45,26.72,26.88
27.66,29.73,27.52,29.66
29.57,29.83,28.73,29.66
29.41,29.72,29.04,29.11
28.08,28.42,27.63,27.86
28.03,28.04,27.21,27.36
27.54,27.92,27.23,27.84
27.73,28.46,27.65,28.27
28,28.34,27.74,28.11
27.95,28.33,27.8,27.93
28.09,28.23,27.86,28.05
27.92,28.21,27.57,28.09
28.35,28.45,27.91,27.96
28.07,28.09,27.55,27.65
27.71,27.8,27.45,27.67
27.67,27.75,27.15,27.32
27.31,27.51,27.06,27.39
27.55,27.62,27.23,27.48
27.41,27.7,27.2,27.68
27.55,28.37,27.5,28.35
28.38,28.6,28.23,28.34
28.19,28.21,28,28.05
27.83,27.83,27.12,27.14
27,27.6,27,27.32
27.27,27.44,26.91,26.91
26.92,27.31,26.9,27.12
27.09,27.49,27,27.06
27.6,28.01,27.37,27.9
28.3,28.32,27.81,27.99
27.99,28.04,27.7,27.7
27.24,27.46,26.75,27
26.9,27.24,26.83,27.11
27.03,27.45,27.03,27.3
27.39,27.44,26.82,27.12
27.38,27.87,27.37,27.78
27.7,28.12,27.6,28.07
28.1,28.35,27.91,28.23
28.35,28.5,27.82,28.17
28.32,29.32,28.32,29.24
29.43,29.63,29.08,29.48
29.38,29.41,28.97,29.19
29.72,30.27,29.5,29.65
29.47,29.47,28.8,29.26
29.64,30.04,29.51,29.62
29.64,30,29.31,30
30.01,30.46,29.85,30.44
30.53,31.05,30.34,31.03
31.05,31.1,30.76,30.92
31.03,31.03,30.02,30.26
30.55,31.66,30.54,31.27
31.4,32.03,31.12,31.34
31.65,33,31.58,32.75
33.33,33.85,32.76,33.55
33.04,33.75,32.68,33.17
33.36,34.44,33.3,34.31
34.15,34.7,33.9,34.14
34.32,34.36,33.2,33.88
33.96,35.06,33.96,34.89
34.46,34.69,34.08,34.14
34.46,34.5,32.1,32.93
33.07,33.33,31.79,33.01
33.49,33.91,33.33,33.87
33.67,34.37,33.61,34.15
33.8,34.1,33.68,34
34.2,34.32,33.06,33.38
33.9,34.11,32.83,33.09
32.88,33.01,32.31,32.74
33.17,33.75,33.11,33.43
33.65,34.35,33.65,34.06
34.24,34.6,33.58,33.94
33.76,33.84,33.02,33.1
33.16,33.31,32.81,33.08
32.31,32.95,32,32.25
32.09,32.7,31.7,32.35
33.07,34,32.82,33.17
33.33,33.48,32.38,32.57
32.43,33.12,32.28,32.94
33.15,33.34,33,33.18
33.2,33.66,33.01,33.19
33.03,33.08,32.54,32.97
33.07,33.3,32.71,32.88
32.99,33.05,32.06,32.11
32.23,33.12,32.2,33.12
33.57,33.99,33.25,33.82
34,34.52,33.88,34.07
33.82,35.12,33.63,35.1
35.07,35.89,34.76,35.69
35.8,35.94,35.3,35.47
35.65,36.19,34.51,34.98
35.03,35.16,34.51,34.63
35.43,36.22,35.22,35.62
36.23,36.66,36.22,36.3
36.19,36.63,35.96,36.49
36.78,36.85,35.96,36.29
36.32,36.75,36.11,36.64
36.7,37.12,36.51,36.96
36.91,37.35,36.9,36.98
37.04,37.15,36.68,37.01
36.77,37.07,36.34,36.56
36.47,38.15,36.25,38.13
38.24,39.31,38.05,38.87
39.24,39.28,38.53,38.86
39.15,39.2,38.57,38.87
38.93,40.25,38.92,40.22
40.09,40.16,38.92,39.16
39.62,40,39,39.35
39.64,40.2,39.56,39.73
39.95,40.27,39.6,39.73
39.96,40,39.4,39.51
39.54,40.04,38.82,40.04
40.09,40.38,39.91,40.2
40.35,40.6,40.11,40.12
40.25,40.8,40.13,40.77
40.91,40.95,40.66,40.85
41,41.05,40.22,40.65
40.72,40.75,40.32,40.49
40.46,40.58,39.85,40.2
40.17,40.5,40,40.44
40.37,40.49,39.31,39.59
40.16,40.44,39.82,40.12
40.05,40.32,39.75,39.93
40.08,41.2,40.08,40.92
41.29,41.72,41.02,41.02
41.33,41.35,40.61,40.92
40.95,41.35,40.82,41.23
41.16,41.22,39.8,39.99
40.21,41.14,40.04,41.14
41.06,41.3,40.76,41.07
40.43,40.75,40.11,40.34
40.12,40.44,39.47,40.01
40.01,40.05,38.86,39.52
39.66,40.4,39.32,40.18
39.31,39.77,39.14,39.39
38.67,38.98,37.62,37.91
37.6,37.94,36.62,36.65
36.83,38.32,36.52,38.22
35.77,36.31,34.82,34.89
34.89,35.81,34.45,35.31
34.69,36.33,34.55,36.01
35.94,36.01,34.66,34.9
35.11,35.86,34.86,35.66
35.6,35.94,35,35.49
35.65,36.75,35.61,36.24
36.65,37.27,36.24,37.23
38,38.13,37.25,37.76
38.15,38.86,38.09,38.5
38.6,38.91,38.03,38.11
37.92,38.69,37.79,38.52
38.43,38.45,38.11,38.23
38.31,38.59,38.09,38.3
38.06,38.33,37.68,37.81
37.83,38.04,37.3,37.79
37.9,37.96,37.22,37.29
37.23,37.71,36.82,37.42
37.48,37.58,37.02,37.26
37.35,38.1,37.34,37.62
37.8,38.48,37.74,38.47
38.55,39.38,38.22,38.67
37.65,38.66,37.43,38.25
38.76,39.79,38.68,39.63
39.83,40.15,39.19,39.5
39.6,39.98,39.5,39.66
39.71,39.91,38.45,38.7
38.63,38.78,37.91,38.05
38.25,38.3,37.43,37.56
37.21,37.61,36.48,37.5
38.05,38.42,36.81,37.23
36.69,38.19,36.45,37.6
39,39.36,38.61,39.11
39,39.51,38.8,39.45
39.66,39.94,38.51,38.61
38.37,38.47,37.42,37.77
38.1,38.27,37.73,37.94
38,38.04,36.28,36.68
37,37.07,35.86,35.93
36.24,36.74,35.45,35.45
35.5,36.15,35.05,35.59
35.77,36.73,35.53,35.9
36.46,36.58,35.73,35.9
36.16,36.86,36.15,36.49
36.68,36.86,36.56,36.64
36.66,36.79,35.51,35.76
36.01,36.05,33.83,34.26
34.11,34.37,32.53,33.07
33.1,34.43,33.02,33.83
34.19,35,33.95,34.87
34.88,34.98,33.09,33.4
32.64,33.48,32.15,32.87
33.55,34.04,33.04,33.44
33.93,34.28,32.64,34.21
36.98,37.3,35.81,36.35
36.29,36.6,35.55,36.38
36.6,36.65,35.89,36.4
36.71,36.85,36.11,36.14
36.08,36.19,35.4,35.44
35.82,35.82,34.77,35.24
35.03,35.1,34.29,34.48
34.67,35,33.65,33.99
34.37,35.89,34.12,35.83
35.89,36.44,35.25,35.95
36.26,36.69,36,36.51
36.59,37.12,36.21,36.87
36.68,37.05,36.3,36.91
36.94,37.16,36.48,36.49
35.99,35.99,33.67,34.07
33.88,34.57,33.61,33.92
34.01,34.1,33.41,33.76
33.99,34.6,33.87,34.45
34.43,34.68,34.17,34.4
34.48,34.65,33.98,34.17
34.18,34.19,33.4,33.8
33.66,33.66,33.1,33.41
33.41,33.99,33.28,33.89
33.99,34.47,33.67,33.87
34,34.39,33.89,34.36
34.6,34.86,34.26,34.7
34.85,35.08,34.51,35.02
35,35.13,34.73,35.12
35.15,35.17,34.42,34.78
34.9,35.1,34.67,34.9
34.92,34.93,34.13,34.65
34.69,34.95,34.28,34.87
34.8,34.97,34.58,34.65
34.48,34.83,34.26,34.73
34.79,34.99,34.36,34.94
35.06,36.08,35.05,35.92
35.86,36.32,35.54,36.04
35.87,36.52,35.86,36.31
36.25,36.84,36.11,36.63
36.5,36.79,36.34,36.78
36.88,37.06,36.64,36.94
35,35.49,34.77,34.81
34.8,34.94,34.3,34.43
34.67,35.01,34.26,34.94
35.14,35.2,34.52,34.68
34.81,34.81,33.97,34.05
34.13,34.22,33.37,33.64
33.79,33.99,33.35,33.48
33.38,33.65,33.1,33.25
33.25,33.75,33.02,33.66
33.85,34.55,33.7,34.25
34.93,35.26,34.85,35.13
35.5,35.7,35.21,35.35
35.62,35.91,35.4,35.88
36.07,36.15,35.9,36.14
36.15,36.23,35.48,35.52
35.64,35.66,34.28,34.53
34.68,35.07,34.68,34.85
34.33,34.97,34.1,34.93
34.95,35.56,34.78,35.43
35.8,35.95,35.45,35.7
35.72,35.94,35.2,35.61
34.42,34.45,33.72,33.79
33.82,33.9,32.98,33.21
33.18,33.35,32.93,33.33
33.35,33.64,33.16,33.28
33.48,33.84,33.4,33.6
33.78,34.92,33.68,34.71
35.09,36.55,35.04,36.17
36,36.33,35.75,36.12
36.23,36.23,35.51,35.9
35.91,36.16,35.67,35.68
35.94,36.99,35.8,36.6
36.26,36.49,35.68,35.81
35.69,36.08,35.31,35.62
35.71,36.66,35.65,36.54
36.32,36.42,35.62,35.7
35.58,35.94,35.44,35.79
36,36,35.53,35.66
35.73,35.96,35.4,35.91
36.1,36.15,35.75,35.79
35.8,35.99,35.15,35.52
35.96,36.45,35.77,36.19
36.32,36.42,36.17,36.36
36.2,36.57,36.12,36.47
36.77,37.77,36.75,37.38
37.56,37.94,37.5,37.83
37.61,37.75,37.31,37.5
37.65,37.75,37.31,37.64
37.7,38.2,37.64,38.01
38.14,38.22,37.54,37.71
37.76,37.92,37.56,37.79
38.3,38.72,37.83,38.18
38.09,38.57,37.9,38.31
38.57,38.67,38.2,38.51
38.9,39.3,38.79,39.27
39.49,39.6,38.69,38.87
39.14,39.34,38.96,39.19
39.05,39.8,39.05,39.59
40.34,41.82,40.26,41.81
42.01,42.06,40.6,40.78
41.05,41.23,40.33,41.14
41.02,41.56,40.93,41.26
41.73,43.2,41.5,42.88
43.98,44,42.14,42.55
42.61,42.96,41.69,42.71
42.37,42.96,42.3,42.59
43.05,43.32,41.42,42.08
42.44,43.19,39.55,40.93
39.77,40.04,38.22,38.65
38.15,39.27,37.9,39.05
39.26,40.1,38.91,39.88
39.56,39.8,38.82,38.95
39.01,40.8,39,40.66
40.41,41.09,40.16,40.52
40.58,41.23,40.44,40.75
40.66,41.24,40.11,40.32
40.24,40.64,39.69,40.5
40.79,41.69,40.65,41.03
41.2,41.73,41.04,41.52
41.06,41.29,40.78,40.93
41,41.29,40.1,41.08
40.9,41.25,40.42,41.1
40.73,41.07,39.59,39.6
39.52,40.07,38.29,38.38
38.66,39,37.71,37.97
37.27,38.08,36.2,37.82
36.95,38.5,36.92,38.12
38.74,38.98,38.31,38.45
38.47,39.4,38.25,39.28
39.65,40.48,39.46,40.18
42.42,42.88,41.77,42
42.4,42.83,42.26,42.6
42.53,43.65,42.4,43.5
43.31,44.82,43.29,44.7
45.01,46.15,44.88,45.87
45.94,45.98,45.13,45.43
45.21,45.84,45.13,45.63
46.16,46.52,45.67,46.05
46.05,46.72,45.94,46.34
45.99,47.13,45.74,47.08
47.62,48.28,47.32,47.46
47.37,47.98,46.6,47.93
47.9,48.67,47.86,48.55
48.8,49.63,48.79,49.41
48.57,49.18,48.1,49.05
49.33,50.63,49.22,50.6
50.96,51.17,49.95,50.5
50.52,51.95,50.47,51.75
51.83,52.42,50.94,52.37
52.28,52.62,51.34,51.75
51.24,51.37,50,50.58
50.6,52.23,50.27,51.25
51.99,52.25,50.99,51.04
51.25,51.83,51.07,51.83
51.98,52.19,51.6,51.72
51.56,52.26,51.52,51.93
51.87,52,51.64,51.74
51.43,51.43,49.66,50.1
50.27,51.12,50.01,50.67
50.71,50.97,50.2,50.28
50.19,50.66,49.9,50.41
51.03,51.25,50.51,50.99
50.52,50.9,49.22,49.62
48.75,50.53,48.29,50.51
50.33,50.69,49.19,49.2
49.54,50.58,49.43,49.94
49.54,51.17,49.48,50.24
50.42,50.92,49.5,49.82
49.5,50.08,48.81,48.85
49.02,50.25,48.9,50.12
50.93,51.15,50.44,50.91
51.06,51.47,50.83,50.88
50.99,51.6,50.95,51.15
51.46,51.46,49.93,50.02
50.19,50.92,50.19,50.65
50.65,51.06,50.61,50.86
50.67,51.01,50.51,50.53
50.35,51.27,50.35,51.22
51.54,51.68,50.46,50.51
50.66,50.78,49.47,50.17
49.71,49.88,48.91,49.13
49.2,49.88,48.33,49.21
49.62,49.64,48.51,48.59
48.99,50.23,48.72,50.23
50.28,50.41,49.62,49.72
49.92,49.93,48.56,48.8
49.15,49.48,47.4,48.3
47.7,48.09,47.07,47.51
47.54,47.75,46.2,46.23
46.06,46.59,45.85,46.47
46.79,47.89,46.77,47.63
47.6,48.38,47.32,48.18
48.43,49.08,48.01,48.89
48.74,49.23,48.63,48.95
49.57,49.79,49.07,49.44
49.14,49.28,47.66,47.99
49.8,50.32,46.3,46.46
43.56,43.8,41.8,43.73
43.75,44.85,43.51,43.99
44.43,44.76,43.88,44.68
45.1,45.25,44.38,44.7
44.8,44.98,43.88,44.04
44.08,44.26,43.02,43.54
43.57,43.66,42.67,42.94
42.61,43.15,42.54,42.57
42.9,43.18,42.66,43.07
43.18,43.26,42.76,42.96
43.07,44.16,42.86,43.92
44.12,44.59,44,44.42
44.37,44.54,43.35,43.53
43.56,43.82,43.3,43.65
43.65,44.42,43.5,44.37
44.3,44.36,43.76,44.11
43.99,43.99,43.42,43.53
43.45,43.52,42.91,43.38
43.21,44.72,43.21,44.43
44.6,44.76,44.26,44.45
44.38,44.57,44.04,44.28
44.06,44.43,43.7,44.11
43.7,43.95,42.42,42.62
42.08,44.38,41.97,43.99
44.18,44.31,43.5,44.16
43.98,44.24,43.4,43.44
43.6,43.93,42.67,42.98
42.57,42.92,42.18,42.68
42.77,42.99,42.36,42.5
42.7,43.36,42.58,42.95
42.84,42.98,42.44,42.87
42.93,43.88,42.75,43.51
43.54,44.16,43.46,43.78
43.58,44.71,43.43,44.67
44.9,45.45,44.81,44.98
45.37,45.58,44.91,45.04
45.25,45.54,44.71,44.72
44.64,44.78,44.28,44.42
44.59,44.93,44.13,44.2
43.78,44.67,43.68,44.47
45.2,45.67,45.01,45.1
45.36,45.42,44.82,44.95
44.82,45.2,44.42,44.44
44.45,44.6,43.95,44.13
44.24,44.36,43.68,44.15
43.82,44.03,43.61,43.67
43.79,44.22,43.56,43.61
43.86,45.19,43.8,45.17
45.7,46.17,45.16,45.63
45.79,45.79,45,45.18
45.25,45.59,44.72,44.77
44.82,45.64,44.79,45.52
45.46,45.83,45.23,45.73
45.82,46.13,45.53,45.78
45.3,45.44,44.25,44.45
44.73,44.91,44.41,44.66
45.15,45.18,44.45,44.49
44.58,44.85,43.67,43.98
43.92,44.06,43.58,43.7
43.73,44.71,43.69,44.52
44.65,45.1,44.25,44.36
44.34,44.57,43.94,44.34
43.88,44.05,43.09,43.28
43.12,43.31,42.26,42.56
42.55,42.68,42.09,42.51
42.5,42.55,41.83,42.04
41.86,42,40.81,41.3
41.31,41.73,41.21,41.66
44.93,44.98,43.54,43.87
44.34,44.55,44,44.09
43.82,44.14,43.59,43.6
44.3,44.31,43.69,43.84
44.03,44.67,43.98,44.4
44.53,44.99,44.45,44.95
45,45.07,44.69,44.75
44.52,44.57,44.04,44.36
44.38,44.66,39.12,40.98
42.28,43.04,42.16,42.79
43.06,43.86,43.05,43.68
43.58,44,43.47,43.48
43.41,43.5,42.58,42.85
42.6,43.44,42.28,43.38
43.06,43.42,42.93,43.07
43.45,43.59,42.81,42.94
43.05,43.63,42.91,43.35
43.18,43.62,42.92,43.15
43.3,43.78,42.98,43.21
43.09,43.44,42.76,42.88
42.83,43.26,42.7,42.81
42.72,42.89,42,42.01
41.92,41.95,41.02,41.63
41.7,42.31,41.69,42.06
42.09,42.21,40.55,40.94
40.77,41.11,40.46,40.52
40.24,40.67,40.21,40.47
40.35,41.4,40.02,40.64
40.8,41.52,40.78,40.96
41.04,41.27,40.79,40.91
40.9,40.93,40.37,40.51
40.66,40.89,40.54,40.73
40.74,40.8,40.51,40.65
40.68,41.23,40.58,40.94
41.1,41.38,40.9,41.06
40.83,41.06,39.93,40.06
39.49,39.78,38.85,38.91
39.39,39.65,39.19,39.29
39.46,39.78,39.15,39.33
39.26,39.64,39.19,39.38
38.76,39.12,38.46,38.61
38.24,38.38,36.58,38.23
37.2,37.49,36.94,37.23
38.23,38.68,37.52,37.61
38.35,38.42,37.61,37.92
38.25,38.8,38.1,38.76
38.65,39.03,38.44,38.63
38.51,38.8,38.15,38.38
38.7,38.96,38.6,38.91
39.19,39.79,38.93,39.68
39.98,39.98,39.26,39.54
39.61,39.85,39.36,39.73
38.57,39.63,38.26,39.24
39.3,39.78,39.06,39.21
39.58,39.58,38.67,38.85
38.31,38.31,37.65,37.84
37.64,37.92,37.27,37.72
37.92,37.92,37.38,37.67
37.5,37.69,37.3,37.42
37.56,37.57,36.62,36.67
36.67,36.98,36.37,36.69
36.61,37.21,36.6,37.12
37.32,37.71,37.23,37.25
37.34,37.52,36.3,36.46
36.52,36.76,36.15,36.67
36.87,37.69,36.87,37.15
36.74,36.77,35.73,36.03
34.29,34.77,33.85,34.49
35.08,36.61,34.82,35.93
35.82,36.34,35.72,36.24
36.24,36.24,35.76,36.1
35.78,36.19,35.6,35.69
35.67,35.67,35.02,35.19
34.77,34.95,33.87,34.1
33.58,34.02,32.91,32.93
29.02,32.28,29,31.31
32.98,33.03,31.54,31.74
32.46,32.62,31.11,32.52
33.36,33.77,32.95,33.69
33.32,33.57,32.93,33.14
32.91,32.99,32.23,32.24
31.49,32.1,31.23,31.6
32.01,32.03,31.38,31.77
31.86,32.74,31.8,32.54
32,32.29,31.44,31.58
32.2,32.83,30.86,30.9
30.4,31.8,30.35,31.52
31.35,31.59,31.03,31.15
31.09,31.43,30.63,31.43
30.68,30.92,30,30.32
29.72,31.22,29.41,31.04
31.14,31.77,30.99,31.4
31.31,31.33,30.81,30.93
30.51,30.8,30.41,30.74
31.2,31.74,30.88,31.17
30.78,30.92,30.17,30.4
30.56,30.57,29.63,29.74
29.47,29.57,28.85,29.34
29.66,29.71,28.9,29.13
29.03,29.22,27.2,27.6
28.58,29.23,27.85,28.26
28.65,29.11,28.49,28.91
28.95,29,28.44,28.91
28.62,30.71,28.43,30.71
30.8,31.2,30.35,30.85
30.79,31.18,30.66,30.96
31.31,31.99,31.21,31.87
31.79,32.5,31.73,32.37
32.35,32.69,31.99,32.52
32.71,33.02,32.55,32.86
32.56,32.82,32.32,32.34
32.28,32.49,31.77,32.09
32.42,33.49,32.4,33.48
33.64,33.86,33.16,33.37
33.26,33.63,33.18,33.5
33.49,33.59,32.77,32.83
32.06,32.43,31.01,31.12
31.26,31.9,31.21,31.67
32.65,33.36,32.24,33.17
33.13,33.49,33,33.4
34.97,35.47,33.88,34.3
34.3,35.27,34.3,35.18
34.87,35.15,34.7,35.05
35.14,35.7,35.05,35.62
35.46,35.48,35.07,35.27
35.15,35.34,34.65,34.72
34.89,35.24,34.75,35.07
35.02,35.3,34.16,35.12
34.94,35.2,33.46,34.2
34.07,34.08,33.08,33.68
33.45,34.13,33.26,33.99
34.21,34.23,33.02,33.38
33.2,33.84,33.13,33.23
32.78,33.04,32.17,32.19
32.23,32.99,32.12,32.94
33.01,33.12,32.62,32.86
32.89,33.02,32.32,32.98
33.21,33.5,32.58,32.62
32.86,33.3,32.69,33.11
33,33.87,32.87,33.36
33.09,33.19,32.61,32.96
32.77,33.52,32.75,33.16
32.79,33.08,32.44,32.94
33.03,33.83,32.85,33.81
33.87,33.89,33.47,33.71
35,36.39,34.77,35.65
35.59,35.72,34.1,34.34
34.34,35.2,34.18,34.91
34.76,34.92,34.47,34.68
34.24,34.98,34.03,34.85
35.8,35.84,33.15,34.4
34.49,34.73,33.91,34.63
34.01,34.15,32.82,32.91
32.94,33.27,32.21,32.59
32.53,33.39,32.5,33.03
33.15,33.88,32.91,33.78
33.81,34.08,33.11,33.23
33.1,33.63,32.87,32.95
33.12,33.3,32.69,32.96
32.99,34.21,32.97,34.19
34.24,34.58,33.99,34.45
34.19,34.74,34.1,34.11
33.9,33.91,33.35,33.6
33.63,34.17,33.6,34.04
33.85,34.04,33.35,33.37
33.22,33.68,33.18,33.26
32.12,32.35,31.14,31.4
31.55,32.32,31.53,32.2
31.67,32.46,31.6,32.16
30.97,31.19,30.02,30.16
30.51,31.54,30,30.63
30.65,30.75,29.74,30.17
30.58,30.97,30.21,30.69
30.89,31.17,29.32,29.44
29.69,30.57,28.71,30.32
29.28,29.77,28.58,29.14
29.84,30,29.31,29.74
28.98,29.11,27.44,28.78
28.75,29.8,28.19,29.31
29.97,30.52,29.31,29.75
29.96,30.39,29.66,29.78
29.76,30.19,29.62,29.98
29.9,30.53,29.44,29.69
30.59,30.63,28.6,28.75
29.1,29.51,28.51,29.51
29.27,29.78,28.79,29.57
29.32,30.23,28.13,29.06
28.45,28.61,26.57,27.68
27.91,29.23,27.71,29.15
29.06,29.14,27.72,27.97
27.61,27.97,26.48,27.05
26.64,27.69,26.51,26.82
27.11,27.81,26.84,27.1
26.46,26.97,26.15,26.76
27.12,27.32,26.72,27.04
27.98,29.44,27.94,29.28
29.47,29.66,29.06,29.37
29.56,30.14,29.39,29.42
30.19,30.23,29.7,30.04
30.65,31.21,30.39,31.17
31.2,31.38,30.5,30.67
30.41,31.12,29.8,30.95
30.74,31.36,30.24,31.36
31.68,31.9,31.22,31.37
31.31,32.46,31.31,31.79
32.04,32.85,32.04,32.8
32.81,33.24,32.77,32.91
32.71,33.21,32.42,32.88
32.91,33.93,32.76,33.86
33.68,34.38,33.59,33.96
33.66,33.82,32.84,32.93
33.09,33.52,32.78,33.51
33.59,33.6,32.09,32.82
33.29,33.86,32.84,33.81
33.75,34.08,33.51,33.58
33.32,33.46,33.11,33.26
33.03,34.08,33,34.01
33.88,34.55,33.87,34.28
34.54,35.21,34.38,35.17
35,36.1,35,35.47
34.68,35.61,34.68,35.41
35.43,35.7,34.71,34.8
34.45,34.86,33.93,34.86
35.39,35.45,34.62,35.23
35.05,36.43,35.01,36.32
36.61,37.28,36.44,36.56
36.51,37.02,36.5,36.81
36.54,36.88,36.31,36.48
36.55,37.5,36.54,37.02
36.7,36.92,36.22,36.41
36.4,37,36.31,36.66
35.86,37.25,35.72,36.17
36.85,36.92,35.62,36.07
36.38,36.84,36.32,36.48
36.65,36.83,36.28,36.66
36.94,37.35,36.9,37.31
37.47,37.5,36.85,37.17
37.13,37.15,36.42,36.51
36.24,37,35.88,36.52
36.46,36.73,36.11,36.33
37.1,38.18,37,37.84
37.92,38.12,37.35,37.67
37.5,38.09,37.16,37.48
37.47,37.54,37.18,37.23
37.32,37.54,36.91,37.11
37.52,37.59,36.63,36.95
36.84,37.44,36.51,36.59
36.51,36.98,36.15,36.6
36.65,36.74,36.32,36.53
36.25,36.41,35.91,36.01
35.81,36.09,35.74,36
37.06,37.45,36.86,36.94
36.55,37.31,36.49,37.23
36.97,37.35,36.92,37.18
37.17,37.58,37.14,37.44
37.28,37.63,37.2,37.37
37.39,37.51,36.79,37.03
36.91,37.07,36.38,36.48
37.03,37.79,36.88,37.48
37.44,37.7,37.25,37.27
37.09,37.5,36.89,37.24
36.94,37.23,36.67,37.02
36.05,36.72,35.88,36.5
36.46,36.94,36.43,36.66
36.85,37.63,36.77,37.53
36.63,36.96,35.47,35.59
36.13,36.85,36.07,36.76
36.88,37.88,36.84,37.82
37.73,38.08,37.5,37.94
37.25,37.74,36.56,36.65
36.66,37.22,36.58,37.15
37.11,37.11,36.5,36.6
36.67,37.2,36.52,37.07
36.9,36.99,36.62,36.73
36.84,37.3,36.84,36.97
36.82,37.73,36.71,37.35
36.97,37.14,36.59,36.83
36.7,36.91,36.42,36.47
36.63,37.44,36.63,37.4
37.43,37.6,37.1,37.32
37.39,37.45,36.54,37.39
37.43,37.44,36.81,36.94
37.27,37.68,37.24,37.29
37.37,37.55,37.2,37.4
37.37,37.52,37.17,37.36
37.64,37.78,37.41,37.78
36.4,36.95,36.08,36.24
35.87,36.01,35.05,35.22
35.58,36.14,35.5,36.04
36.25,37.08,36.25,36.86
36.89,37.58,36.89,37.56
37.56,38.08,37.43,37.99
37.68,37.77,37.17,37.5
37.43,37.56,37.13,37.51
37.57,37.76,37.29,37.52
37.53,37.84,37.06,37.74
37.44,38.15,37.37,37.96
38,38.33,37.87,37.89
37.99,38.01,37.46,37.64
37.85,38.35,37.85,37.96
38.16,38.18,37.68,37.72
37.68,37.97,37.5,37.95
37.77,38.49,37.65,38.17
38.36,38.93,38.26,38.9
39.01,39.25,38.72,38.85
38.9,39.42,38.78,39.38
39.2,39.21,38.22,38.32
38.07,38.83,37.9,38.76
38.66,38.77,38.43,38.66
38.58,38.64,38.23,38.52
38.47,38.52,38.08,38.19
38.18,38.89,38.1,38.8
38.6,38.67,38.26,38.57
38.43,38.55,38.28,38.39
38.47,39.03,38.43,38.92
39,39.15,38.9,38.99
39,39.27,38.86,39.24
39.24,39.31,39.1,39.24
39.34,39.98,39.3,39.93
41.12,41.73,40.93,41.27
41.28,42.98,41.28,42.94
43.18,43.29,42.43,42.67
42.3,42.79,41.95,42.49
42.39,42.75,42.39,42.7
42.69,42.97,42.58,42.9
42.8,43.12,42.64,43.02
42.84,42.87,42.33,42.52
42.61,42.91,42.45,42.6
42.5,42.77,41.79,41.91
41.83,42.24,41.73,42.03
42.15,42.61,41.94,42.27
42.2,42.46,42.08,42.26
42.28,42.74,42.28,42.58
42.46,42.8,42.46,42.75
42.78,43.1,42.72,42.93
43.27,43.6,43.08,43.28
43.5,44.85,43.5,44.71
44.55,44.92,44.19,44.35
44.07,44.72,44.03,44.36
43.92,44.15,42.82,42.92
42.28,43.65,42.18,43.46
43.19,43.52,42.69,43.04
42.91,43.62,42.86,43.46
43.41,44.05,43.22,43.99
43.94,44.02,43.47,43.67
43.92,43.95,43,43.19
43.24,43.38,42.66,42.79
42.89,44.22,42.89,44.14
43.94,44.87,43.74,44.15
43.5,43.76,42.54,42.8
42.38,42.74,41.85,42.29
42.43,43.41,42.32,43.37
43.4,43.72,43.25,43.69
43.17,43.3,42.43,42.57
42.74,43.25,42.72,43.1
42.95,43.18,42.82,43.13
43.2,43.5,42.96,43.18
43.23,43.87,43.22,43.71
43.64,43.82,43.37,43.68
43.26,43.68,43.12,43.22
43.36,44.07,43.25,43.92
43.87,44.08,42.49,42.68
42.6,42.78,42.05,42.36
42,42.08,41.17,41.62
42.04,42.25,41.4,41.44
41.35,41.94,41.24,41.79
42.04,42.6,41.63,41.68
42.3,42.94,42.26,42.73
42.69,42.69,42.07,42.38
42.1,42.2,41.73,42.17
42.5,42.68,42.38,42.59
42.72,42.75,42.43,42.55
42.26,42.44,41.95,42.08
42.31,42.49,41.81,41.87
42.03,42.22,41.71,41.78
42.03,42.16,41.55,41.55
41.13,41.34,40.69,41.33
41.8,42.16,40.36,40.68
40.62,40.75,40.18,40.23
39.96,40.67,39.8,40.28
41.17,41.23,40.86,41.05
40.97,41.28,40.68,41.16
40.44,41.39,40.22,41.21
41.55,41.65,39.54,40.16
39.84,40.52,39.37,40.42
40.36,40.39,38.87,39.3
39.61,40.45,39.58,40.21
40.1,41.05,40.1,40.98
41.34,41.65,41.2,41.45
41.48,41.65,40.9,41.19
41.44,41.48,40.94,41.11
41.2,41.4,40.83,41.01
40.91,40.98,40.54,40.96
41.08,41.08,40.71,40.87
40.85,41.7,40.74,41.45
41.43,41.83,41.12,41.6
41.62,41.67,40.88,41.02
41,41.04,39.53,39.63
39.77,40.32,39.58,40.07
40.02,40.39,39.85,40.2
40.31,40.42,39.88,39.97
39.98,40.57,39.75,40.52
40.66,41.6,40.42,41.41
41.52,41.8,41.44,41.76
41.45,41.53,41.12,41.3
41.35,41.79,41.14,41.47
41.44,41.53,40.83,40.91
40,40,38.25,38.41
38.62,39.22,38.42,38.61
38.66,38.79,38.27,38.42
38.4,39.18,38.24,39.16
39.08,39.32,38.97,39.15
38.69,38.79,38.26,38.5
38.46,38.81,38.37,38.66
38.59,39.06,38.5,38.92
39.12,39.22,38.71,38.73
38.76,38.93,38.48,38.64
38.72,39,38.43,38.67
39.11,39.18,38.64,38.9
39,40.25,38.92,40.06
40.31,41.37,40.24,41.34
41.25,41.34,40.85,41.23
41.17,41.66,41.12,41.34
41.89,42.37,41.54,42.3
42.27,42.59,42.07,42.59
42.34,42.46,41.7,42.11
42.11,42.46,42.02,42.27
42.06,42.18,41.84,41.99
42.15,42.15,41.8,42.03
42.05,42.19,41.9,42.09
42.33,42.54,41.86,42.05
41.95,42.45,41.84,42.4
43.65,44.22,43.43,43.9
44.11,45,44.09,44.94
44.83,45.08,44.4,44.55
44.54,44.71,44.23,44.42
44.22,44.22,43.7,43.93
43.78,44.15,43.67,44.07
44.25,44.26,43.71,43.78
43.63,44,43.58,43.69
43.9,43.99,43.66,43.71
43.62,44.53,43.56,44.42
44.43,44.59,44.19,44.37
44.5,45.19,44.34,45.07
44.95,45.24,44.82,45.08
45.15,45.23,44.96,45.03
45.08,45.57,44.94,45.46
45.38,45.58,44.9,45.02
45.03,46.72,44.64,45.65
45.65,45.69,45.01,45.16
44.95,45.34,44.79,45.1
45.22,45.61,45.1,45.5
45.47,46.34,45.45,45.98
46.04,46.14,45.29,45.41
45.14,45.55,44.95,45.55
45.45,45.74,45.24,45.71
45.57,45.75,45.25,45.66
45.89,46.41,45.89,46.24
46.02,46.13,45.62,45.94
45.88,46,45.6,45.91
45.61,45.69,45.39,45.64
45.5,45.92,45.49,45.73
45.85,46.19,45.73,45.98
45.87,46.12,45.68,45.94
46.2,46.2,45.75,45.98
46.1,47,46.1,46.57
46.41,46.76,46.19,46.37
46.55,46.55,45.9,46.29
46.6,46.62,46.3,46.61
46.73,46.9,46.5,46.59
46.62,47.16,46.52,46.77
47,47.19,45.68,45.77
45.61,46.14,45.6,46.06
46.13,46.78,46.09,46.6
46.65,46.86,46.14,46.4
45.92,46.48,45.74,46.4
46.33,46.76,46.24,46.57
46.52,46.84,46.3,46.78
46.8,47.04,46.6,46.62
46.52,46.7,46.27,46.41
46.5,46.85,46.16,46.43
46.3,46.47,46.12,46.23
46.41,46.92,46.24,46.38
46.38,46.43,46.04,46.28
46.23,46.53,45.96,46.44
46.49,47.42,46.4,47.21
47.03,47.21,46.42,46.79
46.8,47.16,46.67,46.83
46.85,47.11,46.61,46.9
47.02,47.42,46.92,47.39
47.25,47.74,47.14,47.56
47.6,47.88,46.92,47
47.25,47.84,47.07,47.67
47.73,47.77,47.37,47.52
47.89,48.2,47.75,48.15
48.29,48.46,48.16,48.4
48.4,48.47,48.17,48.26
48.08,48.47,48.02,48.36
48.45,48.5,48.16,48.21
48.22,48.78,48.12,48.61
48.72,49.3,48.72,49.09
49.19,49.19,48.17,48.54
48.63,48.68,48.16,48.45
48.45,48.66,48.27,48.49
48.71,48.96,48.51,48.85
49.14,49.67,48.94,49.49
49.4,49.6,49.14,49.4
49.45,49.71,49.14,49.69
49.75,49.75,49.44,49.65
49.71,49.94,49.48,49.86
50.05,51.12,50.03,50.96
50.7,50.7,49.44,49.65
48.68,50.03,47.74,49.63
50.03,51.23,50.01,50.18
50.51,51.08,50.22,50.65
50.44,50.9,50.26,50.31
50.18,50.59,49.9,50.32
50.48,50.75,50.05,50.6
50.5,50.74,50.32,50.67
50.67,50.94,50.5,50.56
50.6,50.65,49.96,50.32
50.49,50.7,50.07,50.65
50.53,50.75,50.31,50.6
50.52,50.88,50.4,50.6
50.42,50.76,50.3,50.5
50.47,50.72,50.28,50.55
55.35,55.94,53.49,55.71
56.16,57.39,53.66,54.02
53.79,54.55,52.6,53.12
53.65,54.08,52,52
52.42,54.26,52.16,52.63
52.17,52.76,51.64,52.58
52.79,53.3,51.9,52.58
54,55.03,53.8,54.46
54.54,54.9,53.79,53.81
53.94,55.17,53.89,55.09
54.75,55.45,54.42,54.56
54.49,54.99,54.45,54.73
55.38,55.6,53.97,54.31
54.44,54.73,53.53,53.64
54.09,55.1,53.76,54.95
54.49,54.92,53.13,54.3
54.33,54.73,54.08,54.48
55.08,55.25,54.04,54.45
54.5,55.84,54.23,55.62
55.05,55.2,54.41,54.53
54.65,54.91,54.31,54.55
54.28,54.98,54.27,54.8
54.76,55.35,54.59,55.25
55.66,56.57,55.66,56.34
56.44,56.68,56.06,56.46
56.54,57.41,56.53,57.23
57.68,57.88,57.13,57.51
57.13,58.74,56.73,58.48
59.27,59.33,58.19,58.36
58.46,58.58,58.02,58.45
58.19,58.4,57.76,58.16
58.28,58.5,58.02,58.15
57.98,58.36,57.86,58.07
57.95,59.03,57.93,58.9
59.61,60.22,57.56,58.43
58.11,59.64,57.98,59.2
59.7,59.89,58.07,58.4
58.6,58.8,58.11,58.5
58.95,59.25,56.9,57.66
57.87,58.33,57.13,58.15
58.43,58.57,58.01,58.51
58.85,60.16,58.76,60.03
59.77,60.44,59.62,59.86
59.23,59.95,59.07,59.77
59.17,59.51,57.87,58.03
57.78,58.23,56.84,57.92
58.7,59.02,58.5,58.87
59.28,60.14,58.79,59.99
60.43,60.85,60.21,60.65
63.05,63.46,62.09,62.2
62.36,63.7,62.06,63.07
63.15,64,62.9,63.6
63.76,65.52,63.76,65.42
65.01,66,64.64,65.82
66.06,66.2,65.34,65.5
65.41,65.56,64.26,64.51
64.43,64.43,63.13,63.53
62.3,63.72,62.1,63.17
63.65,64.58,63.63,64.16
64.5,64.76,63.84,64.08
64.17,64.38,63.86,64.05
63.53,64.3,63.28,63.86
63.71,64.28,62.9,63.32
63.56,64.18,63.17,64.02
63.72,64.34,63.5,63.58
64.69,65.26,64.4,65.14
65.3,65.63,65.06,65.36
65.4,66.71,65.4,66.52
66.26,66.9,65.72,66.08
66.39,66.66,66.02,66.41
67,67.28,66.56,67.11
67.3,67.61,67.07,67.43
67.37,67.59,66.4,66.92
67,67.22,66.06,66.59
66.45,67.39,66.23,67.34
67,67,64.21,64.96
65.08,65.82,64.24,64.45
65.13,66.27,65.01,65.8
65.9,66.19,65.54,65.58
65.64,66.61,65.64,66.24
66.6,66.98,66.29,66.51
67.19,67.93,66.96,67.81
67.79,68.22,67.48,67.66
67.75,68.1,66.96,67.72
67.49,68.08,67.32,67.85
67.85,69.06,67.75,68.74
68.51,69.51,68.51,68.93
68.75,69.38,68.71,69.22
69,69.23,67.8,67.91
68.17,68.18,67.38,67.52
67.91,68.13,67.36,68.04
68,68.1,66.63,66.78
67.2,68.04,66.98,67.79
66.97,67.54,66.65,67.45
67.65,68.36,67.45,67.51
67.63,68,66.4,66.51
66.69,67.2,66.4,66.61
66.66,67.04,65.19,65.4
65.5,66.01,65.07,65.57
66.6,67.73,65.87,67.52
68.04,68.96,67.94,68.86
69.5,70.27,68.96,70.12
70.85,71.38,69.84,70.59
72.06,72.47,69.84,70.51
71.01,71.4,69.84,70.23
70.27,71.96,70.27,71.71
72.2,72.47,71.62,72.22
72,72.2,71.09,71.16
70.46,70.68,68.77,70.19
70.6,70.74,69.94,70.55
70.66,71.39,70.01,70.27
70,70.15,69.1,69.52
68.23,69.55,68.04,69.43
69.8,71.22,69.8,70.75
70.81,71.37,70.74,71.02
71.6,72.53,71.43,71.95
72.66,73.14,72.31,72.85
73.02,73.25,72.46,72.6
72.47,73.18,72.31,72.93
72.82,73.12,71.92,72.07
72.25,72.48,71.49,71.98
71.61,71.7,68.51,70.36
70.31,70.84,69.37,70.06
69.8,71.25,69.47,70.1
71.06,71.34,68.16,68.31
67.1,69.38,66.62,68.13
67.78,69.62,67.36,69.41
69.75,70.64,69.48,70.22
71,71.63,70.82,71.25
71.7,72.09,71.15,71.53
71.07,71.15,69.55,69.77
69.8,71.76,69.69,71.24
70.6,70.62,68.84,69.23
69.35,70.54,68.66,70.29
70.54,70.74,69.95,70.14
69.7,70.36,69.38,70.21
70.6,71.05,70.17,70.9
71,72.17,70.88,71.59
71.42,71.87,71.22,71.58
70.94,71.39,69.63,69.86
69.77,70.49,69.69,70.06
70.12,70.32,69.51,69.82
69.79,70.13,69.43,69.85
